insert into major values
	(0, 'Computer Science and Biology'),
	(1, 'Computer Science'),
	(2, 'Computer Science and Math'),
	(4, 'Telecommunication Networks'),
	(5, 'Engineering Management'),
	(6, 'Psychology'),
	(8, 'Linguistics'),
	(9, 'Project Management'),
	(10, 'Chemistry'),
	(11, 'Biology'),
	(12, 'Civil Engineering'),
	(13, 'Political Science and Business'),
	(14, 'Computer Science and Physics'),
	(15, 'Psychology and Philosophy'),
	(16, 'Political Science and International Affairs'),
	(17, 'Health Science'),
	(18, 'Computer Science and Computer Engineering'),
	(21, 'Computer Systems'),
	(22, 'Pharmacy'),
	(24, 'Materials Engineering'),
	(25, 'Computer Science and Accounting'),
	(26, 'Physical Therapy'),
	(27, 'Computer Science and Linguistics'),
	(28, 'Computer Science and Physics and Math'),
	(29, 'Mechanical Engineering'),
	(30, 'Bioengineering'),
	(32, 'Business'),
	(33, 'Math and Data Science'),
	(34, 'Business and Music'),
	(35, 'Philosophy'),
	(37, 'Electrical Engineering'),
	(39, 'Environmental Engineering'),
	(40, 'Undeclared'),
	(41, 'Business and Design'),
	(42, 'Chemical Engineering'),
	(45, 'Pharmacy Regulation'),
	(47, 'Electrical Engineering and Computer Engineering'),
	(48, 'Operations Research'),
	(49, 'Behavioral Neuroscience'),
	(51, 'English'),
	(52, 'Biology and English'),
	(54, 'Computer Science and Cognitive Psychology'),
	(55, 'Information Systems'),
	(56, 'Computer Science and Design'),
	(59, 'Journalism'),
	(62, 'Psychology and Criminal Justice'),
	(63, 'Computer Science and Game Development'),
	(64, 'Engineering'),
	(67, 'Computer Science and Business'),
	(69, 'Regulatory Affairs for Drugs, Biologics and Medical Devices'),
	(71, 'Biochemistry');

insert into hometown_location values
	(0, 'Freehold','NJ','USA'),
	(1, 'East Brunswick', 'NJ', 'USA'),
	(2, 'Portland', 'OR', 'USA'),
	(3, 'Franklin', 'MA', 'USA'),
	(4, 'New Rochelle', 'NY', 'USA'),
	(5, 'Farmingdale', 'NY', 'USA'),
	(6, 'Naples', 'FL', 'USA'),
	(7, 'Palm City', 'FL', 'USA'),
	(8, 'Coralville', 'IA', 'USA'),
	(9, 'Miami', 'FL', 'USA'),
	(10, 'Ashland', 'MA', 'USA'),
	(11, 'Commack', 'NY', 'USA'),
	(12, 'Mount Sinai', 'NY', 'USA'),
	(13, 'Surat', NULL, 'India'),
	(14, 'Lynnfield', 'MA', 'USA'),
	(15, 'Kentfield', 'CA', 'USA'),
	(16, 'Mumbai', NULL, 'India'),
	(17, 'Seattle', 'WA', 'USA'),
	(18, 'Redmond', 'WA', 'USA'),
	(19, 'Watertown', 'MA', 'USA'),
	(20, 'Rutland', 'MA', 'USA'),
	(21, 'Daphne', 'AL', 'USA'),
	(22, NULL, NULL, 'India'),
	(23, 'Atlanta', 'GA', 'USA'),
	(24, 'Norwell', 'MA', 'USA'),
	(25, 'Westford', 'MA', 'USA'),
	(26, 'Syracuse', 'NY', 'USA'),
	(27, 'Sturbridge', 'MA', 'USA'),
	(28, 'Dubai', NULL, 'United Arab Emirates'),
	(29, 'Sanford', 'ME', 'USA'),
	(30, 'Bayside', 'NY', 'USA'),
	(31, 'Bhopal', NULL, 'India'),
	(33, 'Brussels', NULL,'Belgium'),
	(34, 'Phoenixville', 'PA', 'USA'),
	(35, 'Ashford', 'CT', 'USA'),
	(39, 'Istanbul', NULL, 'Turkey'),
	(40, 'Lancaster', 'PA', 'USA'),
	(41, 'Walnut Creek', 'CA', 'USA'),
	(42, 'Santa Barbara', 'CA', 'USA'),
	(43, 'Kingston', 'MA', 'USA'),
	(44, 'Barrington', 'IL', 'USA'),
	(45, 'Concord', 'MA', 'USA'),
	(46, 'Chattanooga', 'TN', 'USA'),
	(48, 'West Babylon', 'NY', 'USA'),
	(49, NULL, NULL, 'China'),
	(52, 'New Hyde Park', 'NY', 'USA'),
	(53, 'Westwood', 'MA', 'USA'),
	(55, 'Brookfield', 'WI', 'USA'),
	(56, 'San Francisco', 'CA', 'USA'),
	(57, 'Mill Valley', 'CA', 'USA'),
	(58, 'Buffalo', 'NY', 'USA'),
	(59, 'Newton', 'MA', 'USA'),
	(60, 'Scranton', 'PA', 'USA'),
	(61, 'San Jose', 'CA', 'USA'),
	(62, 'Bourne', 'MA', 'USA'),
	(63, 'Newark', 'DE', 'USA'),
	(64, 'Mercer Island', 'WA', 'USA'),
	(65, 'Beijing', NULL, 'China'),
	(66, 'Los Angeles', 'CA', 'USA'),
	(67, 'Pearl River', 'NY', 'USA'),
	(68, 'Bangalore', NULL, 'India'),
	(69, 'Franklin Lakes', 'NJ', 'USA'),
	(70, 'Westborough', 'MA', 'USA'),
	(71, 'Alnmouth', NULL, 'United Kingdom'),
	(72, 'Rye', 'NH', 'USA'),
	(73, 'Wayne', 'NJ', 'USA'),
	(74, 'Oakland', 'CA', 'USA'),
	(75, 'Denver', 'CO', 'USA'),
	(76, 'Caracas', NULL, 'Venezuela'),
	(77, 'Woodbridge', 'CT', 'USA'),
	(78, 'South Orange', 'NJ', 'USA'),
	(79, 'Groton', 'MA', 'USA'),
	(80, 'Edison', 'NJ', 'USA'),
	(81, 'Worcester', 'MA', 'USA'),
	(82, 'Bridgewater', 'MA', 'USA'),
	(83, 'Plantation', 'FL', 'USA'),
	(84, 'Toronto', NULL, 'Canada'),
	(85, 'Taipei', NULL, 'Taiwan'),
	(87, 'Perth Amboy', 'NJ', 'USA'),
	(88, 'Horsham', 'PA', 'USA'),
	(89, 'Blue Bell', 'PA', 'USA'),
	(90, 'Brooklyn', 'NY', 'USA'),
	(91, 'Las Cruces', 'NM', 'USA'),
	(93, 'Billerica', 'MA', 'USA'),
	(94, 'North Andover', 'MA', 'USA'),
	(95, 'Old Bethpage', 'NY', 'USA'),
	(97, 'Jackson', 'NJ', 'USA');

insert into survey_location values
	(0, 'On-Campus Housing'),
	(1, 'Curry Student Center'),
	(2, 'Off-Campus'),
	(5, 'West Village H Lab'),
	(14, 'Snell Library'),
	(30, 'Shillman Hall'),

insert into laptop values
	(0, 13, 'Dell', 'Inspiron'),
	(1, 13, 'Apple', 'MacBook Pro'),
	(3, 15, 'HP', 'Envy'),
	(4, 15, 'Dell', 'XPS'),
	(6, 15, 'MSi', 'GS63 Stealth'),
	(8, 15, 'Dell', 'Inspiron'),
	(11, 15, 'Fujitsu', 'LifeBook'),
	(13, 13, 'Lenovo', 'ThinkPad'),
	(15, 15, 'Apple', 'MacBook Air'),
	(19, 13, 'Dell', 'XPS'),
	(21, 15, 'Alienware', '15'),
	(22, 13, 'Apple', 'MacBook'),
	(26, 13, 'Lenovo', 'Yoga'),
	(28, 15, 'HP', 'EliteBook'),
	(29, 13, 'Apple', 'MacBook Air'),
	(32, 13, 'Lenovo', 'IdeaPad'),
	(34, 13, 'Toshiba', 'Satellite'),
	(35, 15, 'Dell', 'Precision'),
	(45, 15, 'Microsoft', 'Surface Book'),
	(47, 11, 'Apple', 'MacBook Air'),
	(48, 15, 'Asus', 'K501LX'),
	(53, 10, 'Microsoft', 'Surface Pro'),
	(58, 15, 'Apple', 'MacBook Pro'),
	(63, 15, 'Apple', 'MacBook'),
	(64, 15, 'Acer', 'Nitro'),
	(67, 17, 'Asus', 'Notebook'),
	(69, 15, 'Asus', 'K501UW'),
	(70, 13, 'Microsoft', 'Surface Book'),
	(72, 14, 'Lenovo', 'Flex'),
	(74, 15, 'Asus', 'Zenbook'),
	(75, 15, 'Acer', 'Aspire'),
	(76, 13, 'Asus', 'ZenBook'),
	(81, 15, 'Lenovo', 'ThinkPad'),
	(84, 15, 'Asus', 'P2540UA-AB51'),
	(87, 15, 'HP', 'Spectre'),
	(99, 17, 'MSI', 'GE62VR');

insert into person (person_id, major_id, hometown_location_id, survey_location_id, laptop_id, likelihood_to_buy_more, likelihood_to_put_more) values
	(1, 63, 21, 5, 0, 1, 1),
	(2, 14, 6, 1, 1, 7, 8),
	(3, 1, 88, 14, 1, 4, 6),
	(4, 55, 13, 14, 3, 4, 8),
	(5, 4, 16, 14, 4, 2, 2),
	(6, 55, 16, 14, 0, 6, 10),
	(7, 22, 59, 14, 6, 1, 1),
	(8, 1, 80, 1, 1, 3, 8),
	(9, 55, 65, 14, 8, 1, 1),
	(10, 1, 68, 14, 1, 1, 1),
	(11, 55, 31, 14, 1, 8, 8),
	(12, 55, 31, 14, 11, 1, 10),
	(13, 55, 16, 14, 8, 1, 1),
	(14, 37, 94, 0, 13, 3, 3),
	(15, 15, 25, 1, 1, 1, 3),
	(16, 17, 87, 1, 15, 2, 1),
	(17, 1, 53, 30, 8, 2, 5),
	(18, 26, 66, 2, 1, 10, 7),
	(19, 54, 56, 30, 1, 4, 5),
	(20, 24, 84, 2, 19, 1, 1),
	(21, 32, 89, 14, 4, 6, 8),
	(22, 63, 63, 2, 21, 3, 3),
	(23, 26, 5, 30, 22, 1, 1),
	(24, 26, 82, 30, 1, 1, 1),
	(25, 5, 22, 30, 0, 9, 9),
	(26, 48, 16, 30, 21, 2, 2),
	(27, 16, 24, 30, 26, 6, 8),
	(28, 21, 16, 30, 15, 1, 1),
	(29, 49, 11, 30, 28, 7, 2),
	(30, 9, 65, 1, 29, 9, 8),
	(31, 51, 83, 30, 1, 10, 10),
	(32, 11, 12, 30, 1, 4, 10),
	(33, 26, 14, 30, 32, 4, 4),
	(34, 64, 49, 14, 33, 1, 5),
	(35, 28, 43, 30, 34, 1, 2),
	(36, 29, 91, 0, 35, 6, 8),
	(37, 71, 27, 49, 22, 1, 1),
	(38, 33, 35, 30, 0, 7, 7),
	(39, 42, 40, 0, 0, 8, 8),
	(40, 1, 0, 0, 1, 5, 2),
	(41, 56, 2, 0, 1, 6, 1),
	(42, 67, 73, 0, 1, 2, 1),
	(43, 32, 76, 2, 1, 10, 10),
	(44, 34, 95, 5, 1, 5, 8),
	(45, 32, 72, 14, 1, 5, 5),
	(46, 35, 17, 14, 45, 6, 10),
	(47, 69, 49, 14, 1, 2, 2),
	(48, 45, 49, 14, 47, 1, 1),
	(49, 14, 34, 5, 48, 2, 3),
	(50, 59, 74, 2, 4, 8, 8),
	(51, 32, 20, 14, 1, 1, 4),
	(52, 26, 93, 0, 0, 2, 4),
	(53, 26, 2, 0, 1, 4, 7),
	(54, 0, 17, 0, 53, 1, 6),
	(55, 8, 14, 0, 26, 1, 1),
	(56, 30, 75, 0, 8, 2, 3),
	(57, 1, 9, 5, 1, 1, 1),
	(58, 1, 18, 5, 29, 1, 10),
	(59, 17, 10, 0, 58, 5, 8),
	(60, 29, 57, 5, 1, 1, 1),
	(61, 32, 44, 0, 4, 1, 1),
	(62, 1, 42, 0, 1, 1, 1),
	(63, 2, 26, 14, 0, 1, 1),
	(64, 32, 28, 2, 63, 8, 1),
	(65, 18, 97, 5, 64, 2, 8),
	(66, 1, 79, 0, 32, 1, 1),
	(67, 13, 78, 0, 3, 10, 10),
	(68, 29, 67, 0, 67, 1, 1),
	(69, 29, 29, 2, 1, 1, 1),
	(70, 18, 55, 5, 69, 1, 1),
	(71, 32, 1, 0, 70, 1, 1),
	(72, 39, 81, 0, 1, 2, 2),
	(73, 27, 59, 2, 72, 1, 1),
	(74, 26, 41, 14, 47, 6, 9),
	(75, 1, 93, 0, 74, 9, 6),
	(76, 32, 7, 0, 75, 4, 4),
	(77, 10, 19, 2, 76, 10, 10),
	(78, 62, 9, 0, 19, 6, 10),
	(79, 29, 23, 2, 28, 1, 1),
	(80, 6, 45, 0, 47, 1, 1),
	(81, 12, 71, 14, 74, 1, 1),
	(82, 1, 77, 0, 81, 1, 1),
	(83, 49, 70, 0, 1, 1, 1),
	(84, 11, 4, 14, 1, 5, 8),
	(85, 47, 46, 2, 84, 6, 8),
	(86, 32, 48, 0, 1, 9, 10),
	(87, 29, 62, 2, 19, 1, 1),
	(88, 40, 58, 0, 87, 8, 8),
	(89, 32, 1, 0, 76, 1, 1),
	(90, 1, 61, 0, 1, 5, 10),
	(91, 52, 3, 0, 0, 8, 9),
	(92, 32, 33, 0, 1, 1, 3),
	(93, 32, 85, 14, 1, 2, 2),
	(94, 32, 10, 14, 1, 4, 9),
	(95, 41, 39, 30, 22, 1, 1),
	(96, 1, 64, 14, 1, 4, 6),
	(97, 14, 30, 5, 1, 8, 8),
	(98, 2, 58, 2, 1, 1, 8),
	(99, 18, 8, 0, 35, 1, 1),
	(100, 2, 60, 0, 99, 1, 4),
	(101, 1, 56, 0, 29, 3, 2),
	(102, 0, 69, 0, 1, 1, 2),
	(103, 25, 52, 5, 29, 3, 1),
	(104, 1, 90, 0, 1, 5, 5),
	(105, 1, 15, 2, 13, 1, 1);

insert into brand (brand_id, name) values (0, "NBC");
insert into brand (brand_id, name) values (1, "Barstool Sports");
insert into brand (brand_id, name) values (2, "Mugatunes");
insert into brand (brand_id, name) values (3, "Northeastern University");
insert into brand (brand_id, name) values (4, "Boston.com");
insert into brand (brand_id, name) values (5, "2K Games");
insert into brand (brand_id, name) values (6, "MLB");
insert into brand (brand_id, name) values (7, "Harmonix");
insert into brand (brand_id, name) values (8, "Sony");
insert into brand (brand_id, name) values (9, "Dirty Floor Brown Ale");
insert into brand (brand_id, name) values (10, "Heartwood");
insert into brand (brand_id, name) values (11, "NUPD");
insert into brand (brand_id, name) values (12, "B-Side Label");
insert into brand (brand_id, name) values (13, "Bluefish Cove");
insert into brand (brand_id, name) values (14, "Lamplighter Brewing Company");
insert into brand (brand_id, name) values (15, "Elizabeth Warren");
insert into brand (brand_id, name) values (16, "Meiji University");
insert into brand (brand_id, name) values (17, "Giraffe House");
insert into brand (brand_id, name) values (18, "Cliff's Tattoo");
insert into brand (brand_id, name) values (19, "Life is Good");
insert into brand (brand_id, name) values (20, "Google");
insert into brand (brand_id, name) values (21, "Tableau");
insert into brand (brand_id, name) values (22, "Amazon");
insert into brand (brand_id, name) values (23, "Github");
insert into brand (brand_id, name) values (24, "Major League Hacking");
insert into brand (brand_id, name) values (25, "Hello Kitty");
insert into brand (brand_id, name) values (26, "Codacity.com");
insert into brand (brand_id, name) values (27, "Microsoft");
insert into brand (brand_id, name) values (28, "Star Wars");
insert into brand (brand_id, name) values (29, "Toms");
insert into brand (brand_id, name) values (30, "Puravida");
insert into brand (brand_id, name) values (31, "Snapchat");
insert into brand (brand_id, name) values (32, "Fox");




insert into color (color_id, name) values (0, "Black");
insert into color (color_id, name) values (1, "Red");
insert into color (color_id, name) values (2, "Blue");
insert into color (color_id, name) values (3, "Gray");
insert into color (color_id, name) values (4, "White");
insert into color (color_id, name) values (5, "Silver");
insert into color (color_id, name) values (6, "Orange");
insert into color (color_id, name) values (7, "Yellow");
insert into color (color_id, name) values (8, "Green");
insert into color (color_id, name) values (9, "Pink");
insert into color (color_id, name) values (10, "Beige");
insert into color (color_id, name) values (11, "Purple");
insert into color (color_id, name) values (12, "Rainbow");

-- rows 41-60, person_ids 40-59

insert into sticker (sticker_id, text, width, height, color_id, brand_id) values (0, "Dunder Mifflin Paper Company", 2, 1, 0, 0);
insert into sticker (sticker_id, text, width, height, color_id, brand_id) values (1, "Swanson Pyramid of Greatness", 4, 3, 1, 0);

insert into sticker (sticker_id, text, width, height, color_id, brand_id) values (2, "Viva La", 5, 4, 0, 1);
insert into sticker (sticker_id, text, width, height, color_id) values (3, "Las Olas Tacqueria", 4, 2, 2);
insert into sticker (sticker_id, text, width, height, color_id) values (4, "Trezor", 4, 2, 0);
insert into sticker (sticker_id, text, width, height, color_id, brand_id) values (5, "#NoShittyMusic", 8, 2, 0, 2);
insert into sticker (sticker_id, text, width, height, color_id) values (6, "Blenders Rocked With Pride Worldwide", 3, 3, 2);

insert into sticker (sticker_id, width, height, color_id) values (7, 3, 3, 3);
insert into sticker (sticker_id, text, width, height, color_id, brand_id) values (8, "Just Dewitt.", 3, 4, 0, 5);
insert into sticker (sticker_id, text, width, height, color_id) values (9, "10p", 3, 4, 1);
insert into sticker (sticker_id, text, width, height, color_id, brand_id) values (10, "NUSCI", 3, 3, 4, 3);
insert into sticker (sticker_id, text, width, height, color_id) values (11, "boston.com Keep up.", 3, 6, 0, 4);
insert into sticker (sticker_id, width, height, color_id, brand_id) values (12, 3, 3, 5, 5);
insert into sticker (sticker_id, text, width, height, color_id, brand_id) values (13, "Oakland Athletics", 4, 4, 4, 6);

insert into sticker (sticker_id, text, width, height, color_id) values (14, "Cardly", 4, 2, 0);

insert into sticker (sticker_id, width, height, color_id, brand_id) values (15, 4, 4, 4, 7);
insert into sticker (sticker_id, width, height, color_id, brand_id) values (16, 2, 2, 2, 8);
insert into sticker (sticker_id, text, width, height, color_id) values (17, "The Taco & Ice Cream Joint", 5, 3, 1);
insert into sticker (sticker_id, text, width, height, color_id, brand_id) values (18, "We Live Together", 3, 3, 4, 9);
insert into sticker (sticker_id, text, width, height, color_id, brand_id) values (19, "Can't You", 3, 3, 4, 10);

insert into sticker (sticker_id, text, width, height, color_id) values (20, "God is within her she will not fall", 3, 4, 0);
insert into sticker (sticker_id, text, width, height, color_id) values (21, "You are my sunshine", 3, 1, 0);
insert into sticker (sticker_id, text, width, height, color_id) values (22, "Boston", 4, 2, 0);
insert into sticker (sticker_id, text, width, height, color_id) values (23, "Colorado", 3, 1, 0);
insert into sticker (sticker_id, text, width, height, color_id) values (24, "Visit Uganda", 3, 3, 6);
insert into sticker (sticker_id, width, height, color_id) values (25, 2, 4, 0);
insert into sticker (sticker_id, text, width, height, color_id, brand_id) values (26, "Northeastern University", 4, 2, 0, 3);
insert into sticker (sticker_id, text, width, height, color_id) values (27, "Radiate Positivity", 3, 3, 7);
insert into sticker (sticker_id, width, height, color_id) values (28, 3, 3, 8);
insert into sticker (sticker_id, width, height, color_id) values (29, 2, 1, 0);

insert into person_has_sticker (person_id, sticker_id) values (44, 0);
insert into person_has_sticker (person_id, sticker_id) values (44, 1);

insert into person_has_sticker (person_id, sticker_id) values (45, 2);
insert into person_has_sticker (person_id, sticker_id) values (45, 3);
insert into person_has_sticker (person_id, sticker_id) values (45, 4);
insert into person_has_sticker (person_id, sticker_id) values (45, 5);
insert into person_has_sticker (person_id, sticker_id) values (45, 6);

insert into person_has_sticker (person_id, sticker_id) values (50, 7);
insert into person_has_sticker (person_id, sticker_id) values (50, 8);
insert into person_has_sticker (person_id, sticker_id) values (50, 9);
insert into person_has_sticker (person_id, sticker_id) values (50, 10);
insert into person_has_sticker (person_id, sticker_id) values (50, 11);
insert into person_has_sticker (person_id, sticker_id) values (50, 12);
insert into person_has_sticker (person_id, sticker_id) values (50, 13);

insert into person_has_sticker (person_id, sticker_id) values (51, 14);

insert into person_has_sticker (person_id, sticker_id) values (58, 15);
insert into person_has_sticker (person_id, sticker_id) values (58, 16);
insert into person_has_sticker (person_id, sticker_id) values (58, 17);
insert into person_has_sticker (person_id, sticker_id) values (58, 18);
insert into person_has_sticker (person_id, sticker_id) values (58, 19);

insert into person_has_sticker (person_id, sticker_id) values (59, 20);
insert into person_has_sticker (person_id, sticker_id) values (59, 21);
insert into person_has_sticker (person_id, sticker_id) values (59, 22);
insert into person_has_sticker (person_id, sticker_id) values (59, 23);
insert into person_has_sticker (person_id, sticker_id) values (59, 24);
insert into person_has_sticker (person_id, sticker_id) values (59, 25);
insert into person_has_sticker (person_id, sticker_id) values (59, 26);
insert into person_has_sticker (person_id, sticker_id) values (59, 27);
insert into person_has_sticker (person_id, sticker_id) values (59, 28);
insert into person_has_sticker (person_id, sticker_id) values (59, 29);


-- Rows 21-40 (Persons 20-39) ------------------------
insert into sticker (sticker_id, text, width, height, color_id, price, brand_id) values
	(30, "faith > fear", 2, 1, 0, 4, null),
	(31, "#DANCER", 4, 1, 0, 4, null),
	(32, "Radiate Positivity", 4, 1, 7, 3, null),
	(33, "Black Lives Matter",4, 1, 0, 3, null),
	(34, null, 3, 2, 0, 3, null),
	(35, "Sigma Kappa", 4, 2, 0, 4, null),
	(36, "Friends", 4, 1 , 0, 4, 0),
	(37,"Dogs", 3, 3, 9, 3, null),
	(38, "all you need is ice cream", 1, 4, 10, 3, null),
	(39, null, 3, 3, 7, 3, null);

insert into sticker (sticker_id, text, width, height, color_id, price, brand_id) values
	(40, "Warning: Police Identifiable", 3, 2, 1, 0, 11),
	(41, "Security Tracking of Office Property", 3, 2, 1, 0, 11);

insert into sticker (sticker_id, text, width, height, color_id, brand_id) values
	(42, "Let's Travel", 2, 2, 0, 12),
	(43, "Bluefish Cove",7, 5, 4, 13),
	(44, "Lamplighter Brewing Company", 5, 5, 3, 14),
	(45, "Persist", 4, 13, 1, 14),
	(46, "Meiji University", 2, 2, 0, 16),
	(47, "School of Politcal Science and Economics", 2, 2, 0, 16),
	(48, "Kyoto Limited", 2, 3, 6, 12);

insert into sticker (sticker_id, text, width, height, color_id, brand_id) values
	(49, null, 3, 5, 9, null);

insert into sticker (sticker_id, text, width, height, color_id, brand_id) values
	(50, "Dragon Prayer Book", 2, 4, 1, null),
	(51, "Ni hao", 3, 3, 1, null),
	(52, "In Darkness Let Me Dwell", 3, 5, 9, 17),
	(53, "Northeastern University", 8, 4, 1, 3),
	(54, "NULab", 3, 3, 1, 3),
	(55, null, 8, 3, 4, null),
	(57, "Giraffe House", 3, 3, 9, 11);

insert into sticker (sticker_id, text, width, height, color_id, brand_id) values
	(58, null, 2, 5, 4, null),
	(59, null, 3, 3, 2, null),
	(60, "Cliff's Tattoo", 2, 2, 0, 18),
	(61, null, 4, 3, 0, null),
	(62, null, 5, 2, 0, null),
	(63, "be happy", 4, 3, 12, null),
	(64, null, 1, 1, 0, null),
	(65, "Life is Good", 4, 4, 2, 19),
	(66, null, 4, 2, 11, null),
	(67, "Ban The Bottle Save The Planet", 3, 3, 4, null);


insert into person_has_sticker values
	(21, 30),
	(21, 31),
	(21, 32),
	(21, 33),
	(21, 34),
	(21, 35),
	(21, 36),
	(21, 37),
	(21, 38),
	(21, 39),
	(25, 40),
	(25, 41),
	(27, 42),
	(27, 43),
	(27, 44),
	(27, 45),
	(27, 46),
	(27, 47),
	(27, 48);
	(30, 49),
	(31, 50),
	(31, 51),
	(31, 52),
	(31, 53),
	(31, 54),
	(31, 55),
	(31, 56),
	(31, 57),
	(32, 58),
	(32, 59),
	(32, 60),
	(32, 61),
	(32, 62),
	(32, 63),
	(32, 64),
	(32, 65),
	(32, 66),
	(32, 67),
	(32, 29);

---------------------------

-- Stickers for person_ids 1-20 (rows 2-21)

insert into sticker (sticker_id, text, width, height, color_id, brand_id) values
    (68, "CCIS", 2, 2, 1, 3),
    (69, "We the People of the United States, I Voted Today", 2, 2, 10, null),
    (70, "Husky Environmental Action Team HEAT", 3, 3, 10, 3),

    (71, "NUHACKS", 3, 2, 2, 3),
    (72, "Nuacm", 2, 2, 2, 3),

    (73, "Google", 4, 1, 12, 20),
    (74, null, 2, 2, 2, null),  -- binoculars inside blue square
    (75, null, 2, 2, 11, null),  -- atom inside purple square
    (76, "Awesome Day 2018", 2, 2, 2, 22), -- amazon
    (77, null, 2, 3, 4, null),  -- robot with blue eyes?
    (78, "NU ACES", 4, 1, 0, 3),
    (79, "Who's Your Data?", 2, 2, 2, 21),
    (80, null, 2, 2, 0, 3), --husky paw print

    (81, "2019 Hackathon Season", 3, 3, 0, 24),
    (82, null, 3, 2, 4, 20), --gmail
    (83, null, 2, 3, 8, 20), --android
    (84, "MLH Hardware Lab Presented By Digi-Key", 4, 2, 8, 24),
    (85, null, 1, 2, 6, 23), --github bag

    (86, "I ate something yummy", 2, 2, 9, 25),

    (87, "Ask Why", 3, 1, 0, null),
    (88, "Solve Together", 3, 2, 10, null),
    (89, "Friends Close, Bad Code Closer!", 2, 3, 0, 26),

    (90, null, 11, 8, 12, null),

    (91, null, 3, 3, 12, 27),
    (92, "NATIONAL clean Energy WEEK", 4, 4, 4, null), -- yes, it was capitalized like this

    (93, null, 3, 3, 8, 28), -- yoda sticker
    (94, "We Are All Wonder Women!", 3, 2, 4, null),

    (95, "ふにふに", 2, 1, 4, null), -- "funi funi" in japanese with hamster picture

    (96, "Police Public Call Box", 11, 5, 2, null),

    (97, "TOMS", 4, 3, 2, 29),
    (98, "CCIS", 2, 1, 4, 3),
    (99, null, 3, 2, 2, null), -- blue butterfly
    (100, "puravida bracelets", 3, 1, 2, 30),
    (101, "N Northeastern", 1, 1, 1, 3),
    (102, null, 2, 2, 7, null), -- simley face with blurry writing on mouth
    (103, null, 1, 1, 0, 3), -- face of NU Husky
    (104, null, 1, 1, 0, 3), -- NU paw print, small version
    (105, "I [whale] BOSTON", 3, 2, 4, null),
    (106, null, 1, 1, 4, 31), -- snapchat ghost
    (107, "Northeastern", 5, 1, 4, 3), -- yet another northeastern sticker
    (108, null, 3, 3, 11, null), -- some purple flame/symbol?
    (109, "California Republic", 5, 5, 10, null), -- flag of california
    (110, "H", 2, 3, 2, null), -- individual letters with pictures of palm trees
    (111, "E", 2, 3, 2, null),
    (112, ">", 2, 3, 2, null),
    (113, "i", 1, 3, 2, null);

-- person then sticker
insert into person_has_sticker values
    (2, 68),
    (2, 69),
    (2, 70),
    (3, 71),
    (3, 72),
    (4, 73),
    (4, 74),
    (4, 75),
    (4, 76),
    (4, 77),
    (4, 78),
    (4, 79),
    (4, 80),
    (6, 81),
    (6, 82),
    (6, 83),
    (6, 84),
    (6, 85),
    (8, 86),
    (10, 87),
    (10, 88),
    (10, 89),
    (11, 90),
    (12, 91),
    (12, 92),
    (14, 93),
    (14, 94),
    (16, 80), -- the husky paw print sticker - repeated!
    (17, 95),
    (18, 96),
    (19, 97),
    (19, 98),
    (19, 99),
    (19, 100),
    (19, 101),
    (19, 102),
    (19, 103),
    (19, 104),
    (19, 105),
    (19, 106),
    (19, 107),
    (19, 108),
    (19, 109),
    (19, 110),
    (19, 111),
    (19, 112),
    (19, 113),



-- stickers for ids 76-91 (rows 77-92)
insert into sticker (sticker_id, text, width, height, color_id, brand_id) values
    (214, "N", 2, 2, 1, 3),
    (215, "Slurm", 2, 2, 8, 32), -- futurama slurm
    (216, null, 1, 1, 4, null), -- white paw print (unknown if it is northeastern?)
    (217, "V", 2, 2, 0, null), -- black v with leaf on right and circle around it
    (218, null, 2, 2, 2, null), -- Gunther penguin from adventure time
    (219, null, 2, 2, 10, null), -- idk, the drag race show maybe?
    (220, "Vans off the wall", 3, 1, 4, null),
    (221, null, 2, 2, 1, null), -- maple leaf
    (221, null, 2, 2, 0, null), -- hand prints
    (221, "Target", 2, 2, 0, null), -- Target sticker with name omitted
    (221, "Pura Vida", 2, 2, 2, 30), -- peace wagon

    (222, null, 2, 2, 2, 30), -- stitch from lilo and stitch
    (223, "Supernova", 2, 2, 2, 30), -- generic "supernova" comic-book effect
    (224, "FUCK the PATRIARCHY", 2, 2, 2, 30),
    (225, "スタジオジブリ STUDIO GHIBLI", 2, 2, 2, 30), -- Studio ghibli with Totora picture
    (226, "GHOST", 2, 2, 2, 30), -- Dog named ghost, may be a brand/comic but idk
    (227, null, 2, 2, 2, 30), -- white dog circular sticker
    (228, "Music Is All We Got", 2, 2, 2, 30),
    (229, "devil worshippers social outcasts", 2, 2, 2, 30),
    (230, "Don't touch my stuff", 2, 2, 2, 30), -- Louise from bob's burgers
    (231, "FEMINISM is not here to dictate you. It's not prescriptive, it's not dogmatic.  All we are here to do is GIVE YOU A CHOICE.  If you want to run for Prime Minister, you can.  If you don't that's wonderful too.  GENDER EQUALITY is your issue too.  Both MEN and WOMEN should feel FREE to be STRONG. All we are here to do is to give you a CHOICE.", 2, 2, 2, 30),
    (232, "S.T.A.R. Laboratories", 2, 2, 2, 30),
    (233, "Fight Like A Girl", 2, 2, 2, 30),
    (234, "Sweat Records Sweat Records Sweat Records Sweat Records Sweat Records Sweat Records Sweat Records Sweat Records Sweat Records Sweat Records Sweat Records Little Haiti Miami", 2, 2, 2, 30),

-- person then sticker
insert into person_has_sticker values
    (77, 214),
    (77, 215),
    (77, 216),
    (77, 217),
    (77, 218),
    (77, 219),
    (77, 220),
    (77, 221),


-- date purchased updates
update person set laptop_purchased_dt='7/20/2017' where person_id=1
update person set laptop_purchased_dt='1/1/2017' where person_id=2
update person set laptop_purchased_dt='9/1/2016' where person_id=3
update person set laptop_purchased_dt='9/1/2017' where person_id=4
update person set laptop_purchased_dt='1/1/2018' where person_id=5
update person set laptop_purchased_dt='8/1/2017' where person_id=6
update person set laptop_purchased_dt='9/2/2018' where person_id=7
update person set laptop_purchased_dt='6/1/2015' where person_id=8
update person set laptop_purchased_dt='11/15/2018' where person_id=9
update person set laptop_purchased_dt='8/1/2013' where person_id=10
update person set laptop_purchased_dt='1/10/2018' where person_id=11
update person set laptop_purchased_dt='8/1/2016' where person_id=12
update person set laptop_purchased_dt='9/4/2017' where person_id=13
update person set laptop_purchased_dt='3/20/2017' where person_id=14
update person set laptop_purchased_dt='3/1/2015' where person_id=15
update person set laptop_purchased_dt='10/1/2014' where person_id=16
update person set laptop_purchased_dt='6/20/2016' where person_id=17
update person set laptop_purchased_dt='7/19/2014' where person_id=18
update person set laptop_purchased_dt='10/1/2013' where person_id=19
update person set laptop_purchased_dt='11/18/2016' where person_id=20
update person set laptop_purchased_dt='8/3/2018' where person_id=21
update person set laptop_purchased_dt='5/1/2016' where person_id=22
update person set laptop_purchased_dt='6/11/2018' where person_id=23
update person set laptop_purchased_dt='10/18/2018' where person_id=24
update person set laptop_purchased_dt='11/10/2017' where person_id=25
update person set laptop_purchased_dt='8/8/2016' where person_id=26
update person set laptop_purchased_dt='1/1/2016' where person_id=27
update person set laptop_purchased_dt='11/1/2016' where person_id=28
update person set laptop_purchased_dt='6/10/2014' where person_id=29
update person set laptop_purchased_dt='1/6/2018' where person_id=30
update person set laptop_purchased_dt='9/1/2013' where person_id=31
update person set laptop_purchased_dt='12/20/2016' where person_id=32
update person set laptop_purchased_dt='8/10/2013' where person_id=33
update person set laptop_purchased_dt='6/15/2017' where person_id=34
update person set laptop_purchased_dt='5/6/2015' where person_id=35
update person set laptop_purchased_dt='8/30/2018' where person_id=36
update person set laptop_purchased_dt='1/1/2015' where person_id=37
update person set laptop_purchased_dt='11/16/2018' where person_id=38
update person set laptop_purchased_dt='8/12/2015' where person_id=39
update person set laptop_purchased_dt='8/22/2018' where person_id=40
update person set laptop_purchased_dt='8/15/2015' where person_id=41
update person set laptop_purchased_dt='8/15/2017' where person_id=42
update person set laptop_purchased_dt='8/28/2017' where person_id=43
update person set laptop_purchased_dt='6/30/2016' where person_id=44
update person set laptop_purchased_dt='6/1/2014' where person_id=45
update person set laptop_purchased_dt='9/1/2017' where person_id=46
update person set laptop_purchased_dt='11/1/2012' where person_id=47
update person set laptop_purchased_dt='2/5/2015' where person_id=48
update person set laptop_purchased_dt='6/9/2016' where person_id=49
update person set laptop_purchased_dt='12/1/2016' where person_id=50
update person set laptop_purchased_dt='9/15/2015' where person_id=51
update person set laptop_purchased_dt='8/15/2015' where person_id=52
update person set laptop_purchased_dt='1/5/2015' where person_id=53
update person set laptop_purchased_dt='12/22/2017' where person_id=54
update person set laptop_purchased_dt='9/1/2016' where person_id=55
update person set laptop_purchased_dt='6/30/2014' where person_id=56
update person set laptop_purchased_dt='8/12/2018' where person_id=57
update person set laptop_purchased_dt='6/1/2013' where person_id=58
update person set laptop_purchased_dt='8/1/2015' where person_id=59
update person set laptop_purchased_dt='7/1/2015' where person_id=60
update person set laptop_purchased_dt='9/1/2018' where person_id=61
update person set laptop_purchased_dt='8/5/2017' where person_id=62
update person set laptop_purchased_dt='12/24/2017' where person_id=63
update person set laptop_purchased_dt='7/15/2016' where person_id=64
update person set laptop_purchased_dt='11/20/2017' where person_id=65
update person set laptop_purchased_dt='11/18/2018' where person_id=66
update person set laptop_purchased_dt='8/1/2018' where person_id=67
update person set laptop_purchased_dt='12/28/2017' where person_id=68
update person set laptop_purchased_dt='4/1/2017' where person_id=69
update person set laptop_purchased_dt='8/17/2017' where person_id=70
update person set laptop_purchased_dt='8/8/2018' where person_id=71
update person set laptop_purchased_dt='6/15/2017' where person_id=72
update person set laptop_purchased_dt='11/26/2017' where person_id=73
update person set laptop_purchased_dt='6/20/2014' where person_id=74
update person set laptop_purchased_dt='11/23/2017' where person_id=75
update person set laptop_purchased_dt='6/1/2018' where person_id=76
update person set laptop_purchased_dt='8/27/2017' where person_id=77
update person set laptop_purchased_dt='3/13/2017' where person_id=78
update person set laptop_purchased_dt='6/6/2018' where person_id=79
update person set laptop_purchased_dt='6/1/2018' where person_id=80
update person set laptop_purchased_dt='10/18/2015' where person_id=81
update person set laptop_purchased_dt='10/15/2018' where person_id=82
update person set laptop_purchased_dt='12/15/2017' where person_id=83
update person set laptop_purchased_dt='8/15/2018' where person_id=84
update person set laptop_purchased_dt='8/24/2017' where person_id=85
update person set laptop_purchased_dt='11/1/2015' where person_id=86
update person set laptop_purchased_dt='6/4/2016' where person_id=87
update person set laptop_purchased_dt='7/8/2016' where person_id=88
update person set laptop_purchased_dt='2/14/2018' where person_id=89
update person set laptop_purchased_dt='6/11/2015' where person_id=90
update person set laptop_purchased_dt='8/17/2017' where person_id=91
update person set laptop_purchased_dt='6/20/2017' where person_id=92
update person set laptop_purchased_dt='1/5/2017' where person_id=93
update person set laptop_purchased_dt='7/5/2018' where person_id=94
update person set laptop_purchased_dt='9/19/2016' where person_id=95
update person set laptop_purchased_dt='12/20/2017' where person_id=96
update person set laptop_purchased_dt='8/1/2015' where person_id=97
update person set laptop_purchased_dt='7/1/2014' where person_id=98
update person set laptop_purchased_dt='7/14/2018' where person_id=99
update person set laptop_purchased_dt='6/8/2017' where person_id=100
update person set laptop_purchased_dt='1/1/2015' where person_id=101
update person set laptop_purchased_dt='6/22/2017' where person_id=102
update person set laptop_purchased_dt='8/1/2015' where person_id=103
update person set laptop_purchased_dt='8/1/2018' where person_id=104
update person set laptop_purchased_dt='4/30/2018' where person_id=105
