insert into major values
	(0, 'Computer Science and Biology'),
	(1, 'Computers Science'),
	(2, 'Computer Science/ Mathematics'),
	(3, 'Computer Science/Biology'),
	(4, 'Telecommunication Networks'),
	(5, 'Engineering management '),
	(6, 'Psychology'),
	(7, 'CS'),
	(8, 'Linguistics'),
	(9, 'project management'),
	(10, 'Chemistry'),
	(11, 'Biology'),
	(12, 'Civil Engineering'),
	(13, 'Political science/ business'),
	(14, 'CS/Physics'),
	(15, 'Psychology and Philosophy'),
	(16, 'Political science and IA'),
	(17, 'Health Science'),
	(18, 'CE & CS'),
	(19, 'CS+physics'),
	(20, 'Combined CS & Finance'),
	(21, 'Computer Systems'),
	(22, 'Pharmacy'),
	(23, 'Computer engineering/computer science'),
	(24, 'Materials Engineering'),
	(25, 'Computer Science and Accounting'),
	(26, 'Physical therapy '),
	(27, 'Cs/Linguistics '),
	(28, 'CS/Physics and Math'),
	(29, 'Mechanical engineering'),
	(30, 'Bioengineeeing'),
	(31, 'Computer engineering and computer science'),
	(32, 'Marketing'),
	(33, 'Math/Data Science'),
	(34, 'Business and Music'),
	(35, 'philosophy'),
	(36, 'Health Science '),
	(37, 'Electrical Engineering '),
	(38, 'Finance '),
	(39, 'Environmental Engineering'),
	(40, 'Undeclared'),
	(41, 'Business and Design'),
	(42, 'Chemical Engineering'),
	(43, 'Business'),
	(44, 'Computer Science'),
	(45, 'Pharmacy Regulation'),
	(46, 'Mechanical Engineering '),
	(47, 'Electrical and Computer Engineering'),
	(48, 'MS in OR'),
	(49, 'Behavioral Neuroscience'),
	(50, 'Behavioral Neuroscience '),
	(51, 'English'),
	(52, 'Biology & English'),
	(53, 'International Business'),
	(54, 'Computer Science and Cognitive Psychology'),
	(55, 'Information Systems'),
	(56, 'Computer Science and Design'),
	(57, 'Mechanical Engineering'),
	(58, 'CS/Math'),
	(59, 'Journalism'),
	(60, 'Marketing '),
	(61, 'Computer Science and Math'),
	(62, 'Psychology/criminal justice '),
	(63, 'Computer Science and Game Development'),
	(64, 'Engineering'),
	(65, 'computer science'),
	(66, 'Physical Therapy'),
	(67, 'Computer Science & Business'),
	(68, 'Finance'),
	(69, 'Regulatory Affairs for drugs, biologics and medical devices(CPS)'),
	(70, 'International Business, marketing concentration'),
	(71, 'Biochemistry'),
	(72, 'Physical Therapy ');

insert into hometown_location values
	(0, 'Freehold','NJ','USA'),
	(1, 'East Brunswick', 'NJ', 'USA'),
	(2, 'Portland', 'OR', 'USA'),
	(3, 'Franklin', 'MA', 'USA'),
	(4, 'New Rochelle', 'NY', 'USA'),
	(5, 'Farmingdale', 'NY', 'USA'),
	(6, 'Naples', 'FL', 'USA'),
	(7, 'Palm City', 'FL', 'USA'),
	(8, 'Coralville', 'IA', 'USA'),
	(9, 'Miami', 'FL', 'USA'),
	(10, 'Ashland', 'MA', 'USA'),
	(11, 'Commack', 'NY', 'USA'),
	(12, 'Mount Sinai', 'NY', 'USA'),
	(13, 'Surat', NULL, 'India'),
	(14, 'Lynnfield', 'MA', 'USA'),
	(15, 'Kentfield', 'CA', 'USA'),
	(16, 'Mumbai', NULL, 'India'),
	(17, 'Seattle', 'WA', 'USA'),
	(18, 'Redmond', 'WA', 'USA'),
	(19, 'Watertown', 'MA', 'USA'),
	(20, 'Rutland', 'MA', 'USA'),
	(21, 'Daphne', 'AL', 'USA'),
	(22, NULL, NULL, 'India'),
	(23, 'Atlanta', 'GA', 'USA'),
	(24, 'Norwell', 'MA', 'USA'),
	(25, 'Westford', 'MA', 'USA'),
	(26, 'Syracuse', 'NY', 'USA'),
	(27, 'Sturbridge', 'MA', 'USA'),
	(28, 'Dubai', NULL, 'United Arab Emirates'),
	(29, 'Sanford', 'ME', 'USA'),
	(30, 'Bayside', 'NY', 'USA'),
	(31, 'Bhopal', NULL, 'India'),
	(33, 'Brussels', NULL,'Belgium'),
	(34, 'Phoenixville', 'PA', 'USA'),
	(35, 'Ashford', 'CT', 'USA'),
	(39, 'Istanbul', NULL, 'Turkey'),
	(40, 'Lancaster', 'PA', 'USA'),
	(41, 'Walnut Creek', 'CA', 'USA'),
	(42, 'Santa Barbara', 'CA', 'USA'),
	(43, 'Kingston', 'MA', 'USA'),
	(44, 'Barrington', 'IL', 'USA'),
	(45, 'Concord', 'MA', 'USA'),
	(46, 'Chattanooga', 'TN', 'USA'),
	(48, 'West Babylon', 'NY', 'USA'),
	(49, NULL, NULL, 'China'),
	(52, 'New Hyde Park', 'NY', 'USA'),
	(53, 'Westwood', 'MA', 'USA'),
	(55, 'Brookfield', 'WI', 'USA'),
	(56, 'San Francisco', 'CA', 'USA'),
	(57, 'Mill Valley', 'CA', 'USA'),
	(58, 'Buffalo', 'NY', 'USA'),
	(59, 'Newton', 'MA', 'USA'),
	(60, 'Scranton', 'PA', 'USA'),
	(61, 'San Jose', 'CA', 'USA'),
	(62, 'Bourne', 'MA', 'USA'),
	(63, 'Newark', 'DE', 'USA'),
	(64, 'Mercer Island', 'WA', 'USA'),
	(65, 'Beijing', NULL, China),
	(66, 'Los Angeles', 'CA', 'USA'),
	(67, 'Pearl River', 'NY', 'USA'),
	(68, 'Bangalore', NULL, 'India'),
	(69, 'Franklin Lakes', 'NJ', 'USA'),
	(70, 'Westborough', 'MA', 'USA'),
	(71, 'Alnmouth', NULL, 'United Kingdom'),
	(72, 'Rye', 'NH', 'USA'),
	(73, 'Wayne', 'NJ', 'USA'),
	(74, 'Oakland', 'CA', 'USA'),
	(75, 'Denver', 'CO', 'USA'),
	(76, 'Caracas', NULL, 'Venezuela'),
	(77, 'Woodbridge', 'CT', 'USA'),
	(78, 'South Orange', 'NJ', 'USA'),
	(79, 'Groton', 'MA', 'USA'),
	(80, 'Edison', 'NJ', 'USA'),
	(81, 'Worcester', 'MA', 'USA'),
	(82, 'Bridgewater', 'MA', 'USA'),
	(83, 'Plantation', 'FL', 'USA'),
	(84, 'Toronto', NULL, 'Canada'),
	(85, 'Taipei', NULL, 'Taiwan'),
	(87, 'Perth Amboy', 'NJ', 'USA'),
	(88, 'Horsham', 'PA', 'USA'),
	(89, 'Blue Bell', 'PA', 'USA'),
	(90, 'Brooklyn', 'NY', 'USA'),
	(91, 'Las Cruces', 'NM', 'USA'),
	(93, 'Billerica', 'MA', 'USA'),
	(94, 'North Andover', 'MA', 'USA'),
	(95, 'Old Bethpage', 'NY', 'USA'),
	(97, 'Jackson', 'NJ', 'USA');

insert into survey_location values
	(0, 'dorm'),
	(1, 'Richards'),
	(2, 'St. Louis'),
	(3, 'Dorm'),
	(4, 'My dorm in East Village'),
	(5, 'West f basement '),
	(6, 'Canada'),
	(7, 'West VIllage'),
	(8, 'Off Campus Apartment'),
	(9, 'Krentzman Quad'),
	(10, 'Apartment '),
	(11, 'West village A south'),
	(12, 'Airport'),
	(13, 'ISEC'),
	(14, 'Snell'),
	(15, 'Richards Hall'),
	(16, 'My dorm'),
	(17, 'Ryder'),
	(18, 'East Village'),
	(19, 'Mission Hill'),
	(20, 'Hurting Hall'),
	(21, 'My room'),
	(22, 'Douglass Park'),
	(23, '10 Coventry'),
	(24, 'Friend’s room'),
	(25, 'Prudential'),
	(26, 'Fairwoods'),
	(27, 'New York City'),
	(28, 'On the street outside star market by the pru'),
	(29, 'off-campus (home)'),
	(30, 'Shillman Hall'),
	(31, 'My apartment'),
	(32, 'Home'),
	(33, 'My apartment on Mission Hill'),
	(34, 'Curry'),
	(35, 'Melvin hall'),
	(36, 'International Village'),
	(37, 'Bedroom'),
	(38, 'Ell Hall'),
	(39, 'Dunkin across from Ruggles'),
	(40, 'Speare Hall'),
	(41, 'Work (Renaissance Park)'),
	(42, 'Behrakis'),
	(43, 'My apartment '),
	(44, 'Burstein hall'),
	(45, 'At home, off campus '),
	(46, 'Burstein'),
	(47, 'Off-Campus'),
	(48, 'Burnstine '),
	(49, 'Mugar'),
	(50, 'Steast'),
	(51, 'IV'),
	(52, 'White Hall'),
	(53, 'Friends Room in IV'),
	(54, 'Comfort of my living room'),
	(55, 'home ');

insert into laptop values
	(0, '13"', 'Dell', 'Dell Inspiron 15 7000 for Gaming'),
	(1, '13"', 'Apple', 'MacBook Pro'),
	(3, '15"', 'HP', 'Envy'),
	(4, '15"', 'Dell', 'Xps 15'),
	(5, '13"', 'Dell', 'Dell 5000'),
	(6, '15"', 'MSi', 'GS63 Stealth'),
	(8, '15"', 'Dell', 'Inspiron 15'),
	(11, '15"', 'Fujitsu', 'A555'),
	(13, '13"', 'Lenovo', 'X1 Carbon'),
	(15, '15"', 'Apple', 'MacBook Air '),
	(16, '15"', 'Dell', 'Inspiron 7559'),
	(19, '13"', 'Dell', 'XPS 13'),
	(21, '15"', 'Alienware', 'Alienware 15 R2'),
	(22, '13"', 'Apple', 'MacBook'),
	(24, '13"', 'Dell', 'Inspiron '),
	(25, '15"', 'Alienware', 'Alienware 15'),
	(26, '13"', 'Lenovo', 'Yoga '),
	(27, '15"', 'Apple', 'MacBook Air 2015'),
	(28, '15"', 'HP', 'HP corei5'),
	(29, '13"', 'Apple', 'Mac Air'),
	(32, '13"', 'Lenovo', 'Ideapad'),
	(33, '13"', 'Lenovo', 'Thinkpad'),
	(34, '13"', 'Toshiba', 'Satellite S55'),
	(35, '15"', 'Dell', 'Precision M7520'),
	(37, '13.3', 'Dell', 'Inspiron 13'),
	(38, '13"', 'Dell', 'Inspiron 13 7000 series'),
	(45, '15"', 'Microsoft', 'surface book'),
	(47, '11''', 'Apple', 'MacBook Air'),
	(48, '15"', 'Asus', 'K501lx'),
	(49, '15"', 'Dell', 'Dell XPS 15'),
	(51, '13"', 'Dell', 'Dell INspiron'),
	(53, '~10''', 'Microsoft', 'Windows 10 pro'),
	(54, '13"', 'Lenovo', 'Yoga 3'),
	(57, '13"', 'Apple', 'macbook air'),
	(58, '15"', 'Apple', 'Mac Air Pro'),
	(60, '15"', 'Dell', 'XPS 15 9570'),
	(62, '13"', 'Dell', 'Inspiron 13 5000'),
	(63, '15"', 'Apple', 'Macbook 2015'),
	(64, '15"', 'Acer', 'Nitro 5'),
	(67, '17', 'Asus', 'Notebook PC'),
	(69, '15"', 'Asus', 'K501UW'),
	(70, '13"', 'Microsoft', 'Surfacebook 2'),
	(72, '14"', 'Lenovo', 'Flex5'),
	(74, '15"', 'Asus', 'Zenbook N501VW'),
	(75, '15"', 'Acer', 'Aspire E 15'),
	(76, '13"', 'Asus', 'Zenbook UX330UA-AH54'),
	(77, '13"', 'Dell', 'XPS 15'),
	(78, '15"', 'HP', 'EliteBook'),
	(80, '15"', 'Asus', 'Zenbook UX305FA'),
	(81, '15"', 'Lenovo', 'X1  Carbon Extreme'),
	(84, '15"', 'Asus', 'P2540UA-AB51'),
	(87, '15"', 'HP', 'Spectre '),
	(88, '13"', 'Asus', 'ZenBook UX430UA'),
	(90, '13"', 'Dell', 'Inspiron'),
	(94, '13"', 'Apple', 'Retina'),
	(98, '15"', 'Dell', 'Precision 3520'),
	(99, '17"', 'MSI', 'GE62VR'),
	(100, '13"', 'Apple', 'MacBook Air (2015)'),
	(102, '13"', 'Apple', 'Macbook Air');

insert into person values
	(1, 63, 21, 7, 0, 1, 1),
	(2, 14, 6, 38, 1, 7, 8),
	(3, 44, 88, 14, 1, 4, 6),
	(4, 55, 13, 14, 3, 4, 8),
	(5, 4, 16, 14, 4, 2, 2),
	(6, 55, 16, 14, 5, 6, 10),
	(7, 22, 59, 14, 6, 1, 1),
	(8, 44, 80, 1, 1, 3, 8),
	(9, 55, 65, 14, 8, 1, 1),
	(10, 44, 68, 14, 1, 1, 1),
	(11, 55, 31, 14, 1, 8, 8),
	(12, 55, 31, 14, 11, 1, 10),
	(13, 55, 16, 14, 8, 1, 1),
	(14, 37, 94, 16, 13, 3, 3),
	(15, 15, 25, 34, 1, 1, 3),
	(16, 36, 87, 41, 15, 2, 1),
	(17, 44, 53, 42, 16, 2, 5),
	(18, 66, 66, 8, 1, 10, 7),
	(19, 54, 56, 15, 1, 4, 5),
	(20, 24, 84, 6, 19, 1, 1),
	(21, 60, 89, 14, 4, 6, 8),
	(22, 63, 63, 27, 21, 3, 3),
	(23, 66, 5, 30, 22, 1, 1),
	(24, 72, 82, 30, 1, 1, 1),
	(25, 5, 22, 30, 24, 9, 9),
	(26, 48, 16, 30, 25, 2, 2),
	(27, 16, 24, 30, 26, 6, 8),
	(28, 21, 16, 30, 27, 1, 1),
	(29, 49, 11, 30, 28, 7, 2),
	(30, 9, 65, 9, 29, 9, 8),
	(31, 51, 83, 39, 1, 10, 10),
	(32, 11, 12, 30, 1, 4, 10),
	(33, 66, 14, 30, 32, 4, 4),
	(34, 64, 49, 14, 33, 1, 5),
	(35, 28, 43, 20, 34, 1, 2),
	(36, 29, 91, 43, 35, 6, 8),
	(37, 71, 27, 49, 22, 1, 1),
	(38, 33, 35, 17, 37, 7, 7),
	(39, 42, 40, 32, 38, 8, 8),
	(40, 44, 0, 53, 1, 5, 2),
	(41, 56, 2, 24, 1, 6, 1),
	(42, 67, 73, 36, 1, 2, 1),
	(43, 53, 76, 25, 1, 10, 10),
	(44, 34, 95, 7, 1, 5, 8),
	(45, 68, 72, 14, 1, 5, 5),
	(46, 35, 17, 14, 45, 6, 10),
	(47, 69, 49, 14, 1, 2, 2),
	(48, 45, 49, 14, 47, 1, 1),
	(49, 19, 34, 5, 48, 2, 3),
	(50, 59, 74, 27, 49, 8, 8),
	(51, 68, 20, 14, 1, 1, 4),
	(52, 66, 93, 32, 51, 2, 4),
	(53, 26, 2, 10, 1, 4, 7),
	(54, 0, 17, 36, 53, 1, 6),
	(55, 8, 14, 22, 54, 1, 1),
	(56, 30, 75, 32, 8, 2, 3),
	(57, 44, 9, 7, 1, 1, 1),
	(58, 65, 18, 7, 57, 1, 10),
	(59, 17, 10, 32, 58, 5, 8),
	(60, 57, 57, 7, 1, 1, 1),
	(61, 32, 44, 18, 60, 1, 1),
	(62, 1, 42, 52, 1, 1, 1),
	(63, 2, 26, 14, 62, 1, 1),
	(64, 68, 28, 47, 63, 8, 1),
	(65, 23, 97, 7, 64, 2, 8),
	(66, 44, 79, 11, 32, 1, 1),
	(67, 13, 78, 50, 3, 10, 10),
	(68, 46, 67, 46, 67, 1, 1),
	(69, 57, 29, 28, 1, 1, 1),
	(70, 18, 55, 7, 69, 1, 1),
	(71, 70, 1, 40, 70, 1, 1),
	(72, 39, 81, 3, 1, 2, 2),
	(73, 27, 59, 45, 72, 1, 1),
	(74, 66, 41, 13, 47, 6, 9),
	(75, 44, 93, 52, 74, 9, 6),
	(76, 53, 7, 4, 75, 4, 4),
	(77, 10, 19, 26, 76, 10, 10),
	(78, 62, 9, 48, 77, 6, 10),
	(79, 29, 23, 2, 78, 1, 1),
	(80, 6, 45, 55, 47, 1, 1),
	(81, 12, 71, 13, 80, 1, 1),
	(82, 44, 77, 32, 81, 1, 1),
	(83, 50, 70, 35, 1, 1, 1),
	(84, 11, 4, 14, 1, 5, 8),
	(85, 47, 46, 19, 84, 6, 8),
	(86, 38, 48, 44, 1, 9, 10),
	(87, 57, 62, 33, 19, 1, 1),
	(88, 40, 58, 51, 87, 8, 8),
	(89, 43, 1, 21, 88, 1, 1),
	(90, 7, 61, 50, 1, 5, 10),
	(91, 52, 3, 23, 90, 8, 9),
	(92, 53, 33, 0, 1, 1, 3),
	(93, 38, 85, 14, 1, 2, 2),
	(94, 68, 10, 14, 1, 4, 9),
	(95, 41, 39, 30, 94, 1, 1),
	(96, 44, 64, 14, 1, 4, 6),
	(97, 20, 30, 7, 1, 8, 8),
	(98, 61, 58, 29, 1, 1, 8),
	(99, 31, 8, 22, 98, 1, 1),
	(100, 58, 60, 3, 99, 1, 4),
	(101, 44, 56, 31, 100, 3, 2),
	(102, 3, 69, 37, 1, 1, 2),
	(103, 25, 52, 7, 102, 3, 1),
	(104, 44, 90, 54, 1, 5, 5),
	(105, 44, 15, 12, 13, 1, 1);

insert into brand (brand_id, name) values (0, "NBC");
insert into brand (brand_id, name) values (1, "Barstool Sports");
insert into brand (brand_id, name) values (2, "Mugatunes");
insert into brand (brand_id, name) values (3, "Northeastern University");
insert into brand (brand_id, name) values (4, "Boston.com");
insert into brand (brand_id, name) values (5, "2K Games");
insert into brand (brand_id, name) values (6, "MLB");
insert into brand (brand_id, name) values (7, "Harmonix");
insert into brand (brand_id, name) values (8, "Sony");
insert into brand (brand_id, name) values (9, "Dirty Floor Brown Ale");
insert into brand (brand_id, name) values (10, "Heartwood");
insert into brand (brand_id, name) values (11, "NUPD");
insert into brand (brand_id, name) values (12, "B-Side Label");
insert into brand (brand_id, name) values (13, "Bluefish Cove");
insert into brand (brand_id, name) values (14, "Lamplighter Brewing Company");
insert into brand (brand_id, name) values (15, "Elizabeth Warren");
insert into brand (brand_id, name) values (16, "Meiji University");
insert into brand (brand_id, name) values (17, "Giraffe House");
insert into brand (brand_id, name) values (18, "Cliff's Tattoo");
insert into brand (brand_id, name) values (19, "Life is Good");





insert into color (color_id, name) values (0, "Black");
insert into color (color_id, name) values (1, "Red");
insert into color (color_id, name) values (2, "Blue");
insert into color (color_id, name) values (3, "Gray");
insert into color (color_id, name) values (4, "White");
insert into color (color_id, name) values (5, "Silver");
insert into color (color_id, name) values (6, "Orange");
insert into color (color_id, name) values (7, "Yellow");
insert into color (color_id, name) values (8, "Green");
insert into color (color_id, name) values (9, "Pink");
insert into color (color_id, name) values (10, "Beige");
insert into color (color_id, name) values (11, "Purple");
insert into color (color_id, name) values (12, "Rainbow");



insert into sticker (sticker_id, text, width, height, color_id, brand_id) values (0, "Dunder Mifflin Paper Company", 2, 1, 0, 0);
insert into sticker (sticker_id, text, width, height, color_id, brand_id) values (1, "Swanson Pyramid of Greatness", 4, 3, 1, 0);

insert into sticker (sticker_id, text, width, height, color_id, brand_id) values (2, "Viva La", 5, 4, 0, 1);
insert into sticker (sticker_id, text, width, height, color_id) values (3, "Las Olas Tacqueria", 4, 2, 2);
insert into sticker (sticker_id, text, width, height, color_id) values (4, "Trezor", 4, 2, 0);
insert into sticker (sticker_id, text, width, height, color_id, brand_id) values (5, "#NoShittyMusic", 8, 2, 0, 2);
insert into sticker (sticker_id, text, width, height, color_id) values (6, "Blenders Rocked With Pride Worldwide", 3, 3, 2);

insert into sticker (sticker_id, width, height, color_id) values (7, 3, 3, 3);
insert into sticker (sticker_id, text, width, height, color_id, brand_id) values (8, "Just Dewitt.", 3, 4, 0, 5);
insert into sticker (sticker_id, text, width, height, color_id) values (9, "10p", 3, 4, 1);
insert into sticker (sticker_id, text, width, height, color_id, brand_id) values (10, "NUSCI", 3, 3, 4, 3);
insert into sticker (sticker_id, text, width, height, color_id) values (11, "boston.com Keep up.", 3, 6, 0, 4);
insert into sticker (sticker_id, width, height, color_id, brand_id) values (12, 3, 3, 5, 5);
insert into sticker (sticker_id, text, width, height, color_id, brand_id) values (13, "Oakland Athletics", 4, 4, 4, 6);

insert into sticker (sticker_id, text, width, height, color_id) values (14, "Cardly", 4, 2, 0);

insert into sticker (sticker_id, width, height, color_id, brand_id) values (15, 4, 4, 4, 7);
insert into sticker (sticker_id, width, height, color_id, brand_id) values (16, 2, 2, 2, 8);
insert into sticker (sticker_id, text, width, height, color_id) values (17, "The Taco & Ice Cream Joint", 5, 3, 1);
insert into sticker (sticker_id, text, width, height, color_id, brand_id) values (18, "We Live Together", 3, 3, 4, 9);
insert into sticker (sticker_id, text, width, height, color_id, brand_id) values (19, "Can't You", 3, 3, 4, 10);

insert into sticker (sticker_id, text, width, height, color_id) values (20, "God is within her she will not fall", 3, 4, 0);
insert into sticker (sticker_id, text, width, height, color_id) values (21, "You are my sunshine", 3, 1, 0);
insert into sticker (sticker_id, text, width, height, color_id) values (22, "Boston", 4, 2, 0);
insert into sticker (sticker_id, text, width, height, color_id) values (23, "Colorado", 3, 1, 0);
insert into sticker (sticker_id, text, width, height, color_id) values (24, "Visit Uganda", 3, 3, 6);
insert into sticker (sticker_id, width, height, color_id) values (25, 2, 4, 0);
insert into sticker (sticker_id, text, width, height, color_id, brand_id) values (26, "Northeastern University", 4, 2, 0, 3);
insert into sticker (sticker_id, text, width, height, color_id) values (27, "Radiate Positivity", 3, 3, 7);
insert into sticker (sticker_id, width, height, color_id) values (28, 3, 3, 8);
insert into sticker (sticker_id, width, height, color_id) values (29, 2, 1, 0);

insert into person_has_sticker (person_id, sticker_id) values (44, 0);
insert into person_has_sticker (person_id, sticker_id) values (44, 1);

insert into person_has_sticker (person_id, sticker_id) values (45, 2);
insert into person_has_sticker (person_id, sticker_id) values (45, 3);
insert into person_has_sticker (person_id, sticker_id) values (45, 4);
insert into person_has_sticker (person_id, sticker_id) values (45, 5);
insert into person_has_sticker (person_id, sticker_id) values (45, 6);

insert into person_has_sticker (person_id, sticker_id) values (50, 7);
insert into person_has_sticker (person_id, sticker_id) values (50, 8);
insert into person_has_sticker (person_id, sticker_id) values (50, 9);
insert into person_has_sticker (person_id, sticker_id) values (50, 10);
insert into person_has_sticker (person_id, sticker_id) values (50, 11);
insert into person_has_sticker (person_id, sticker_id) values (50, 12);
insert into person_has_sticker (person_id, sticker_id) values (50, 13);

insert into person_has_sticker (person_id, sticker_id) values (51, 14);

insert into person_has_sticker (person_id, sticker_id) values (58, 15);
insert into person_has_sticker (person_id, sticker_id) values (58, 16);
insert into person_has_sticker (person_id, sticker_id) values (58, 17);
insert into person_has_sticker (person_id, sticker_id) values (58, 18);
insert into person_has_sticker (person_id, sticker_id) values (58, 19);

insert into person_has_sticker (person_id, sticker_id) values (59, 20);
insert into person_has_sticker (person_id, sticker_id) values (59, 21);
insert into person_has_sticker (person_id, sticker_id) values (59, 22);
insert into person_has_sticker (person_id, sticker_id) values (59, 23);
insert into person_has_sticker (person_id, sticker_id) values (59, 24);
insert into person_has_sticker (person_id, sticker_id) values (59, 25);
insert into person_has_sticker (person_id, sticker_id) values (59, 26);
insert into person_has_sticker (person_id, sticker_id) values (59, 27);
insert into person_has_sticker (person_id, sticker_id) values (59, 28);
insert into person_has_sticker (person_id, sticker_id) values (59, 29);


-- Rows 21-40 (Persons 20-39) ------------------------
insert into sticker (sticker_id, text, width, height, color_id, price, brand_id) values
	(30, "faith > fear", 2, 1, 0, 4, null),
	(31, "#DANCER", 4, 1, 0, 4, null),
	(32, "Radiate Positivity", 4, 1, 7, 3, null),
	(33, "Black Lives Matter",4, 1, 0, 3, null),
	(34, null, 3, 2, 0, 3, null),
	(35, "Sigma Kappa", 4, 2, 0, 4, null),
	(36, "Friends", 4, 1 , 0, 4, 0),
	(37,"Dogs", 3, 3, 9, 3, null),
	(38, "all you need is ice cream", 1, 4, 10, 3, null),
	(39, null, 3, 3, 7, 3, null);

insert into sticker (sticker_id, text, width, height, color_id, price, brand_id) values
	(40, "Warning: Police Identifiable", 3, 2, 1, 0, 11),
	(41, "Security Tracking of Office Property", 3, 2, 1, 0, 11);

insert into sticker (sticker_id, text, width, height, color_id, brand_id) values
	(42, "Let's Travel", 2, 2, 0, 12),
	(43, "Bluefish Cove",7, 5, 4, 13),
	(44, "Lamplighter Brewing Company", 5, 5, 3, 14),
	(45, "Persist", 4, 13, 1, 14),
	(46, "Meiji University", 2, 2, 0, 16),
	(47, "School of Politcal Science and Economics", 2, 2, 0, 16),
	(48, "Kyoto Limited", 2, 3, 6, 12);
	
insert into sticker (sticker_id, text, width, height, color_id, brand_id) values
	(49, null, 3, 5, 9, null);

insert into sticker (sticker_id, text, width, height, color_id, brand_id) values
	(50, "Dragon Prayer Book", 2, 4, 1, null),
	(51, "Ni hao", 3, 3, 1, null),
	(52, "In Darkness Let Me Dwell", 3, 5, 9, 17),
	(53, "Northeastern University", 8, 4, 1, 3),
	(54, "NULab", 3, 3, 1, 3),
	(55, null, 8, 3, 4, null),
	(57, "Giraffe House", 3, 3, 9, 11);

insert into sticker (sticker_id, text, width, height, color_id, brand_id) values
	(58, null, 2, 5, 4, null),
	(59, null, 3, 3, 2, null),
	(60, "Cliff's Tattoo", 2, 2, 0, 18),
	(61, null, 4, 3, 0, null),
	(62, null, 5, 2, 0, null),
	(63, "be happy", 4, 3, 12, null),
	(64, null, 1, 1, 0, null),
	(65, "Life is Good", 4, 4, 2, 19),
	(66, null, 4, 2, 11, null),
	(67, "Ban The Bottle Save The Planet", 3, 3, 4, null);


insert into person_has_sticker values
	(21, 30),
	(21, 31),
	(21, 32),
	(21, 33),
	(21, 34),
	(21, 35),
	(21, 36),
	(21, 37),
	(21, 38),
	(21, 39),
	(25, 40),
	(25, 41),
	(27, 42),
	(27, 43),
	(27, 44),
	(27, 45),
	(27, 46),
	(27, 47),
	(27, 48);
	(30, 49),
	(31, 50),
	(31, 51),
	(31, 52),
	(31, 53),
	(31, 54),
	(31, 55),
	(31, 56),
	(31, 57),
	(32, 58),
	(32, 59),
	(32, 60),
	(32, 61),
	(32, 62),
	(32, 63),
	(32, 64),
	(32, 65),
	(32, 66),
	(32, 67),
	(32, 29);

---------------------------



