insert into major values
	(0, 'Computer Science and Biology'),
	(1, 'Computer Science'),
	(2, 'Computer Science and Math'),
	(4, 'Telecommunication Networks'),
	(5, 'Engineering Management'),
	(6, 'Psychology'),
	(8, 'Linguistics'),
	(9, 'Project Management'),
	(10, 'Chemistry'),
	(11, 'Biology'),
	(12, 'Civil Engineering'),
	(13, 'Political Science and Business'),
	(14, 'Computer Science and Physics'),
	(15, 'Psychology and Philosophy'),
	(16, 'Political Science and International Affairs'),
	(17, 'Health Science'),
	(18, 'Computer Science and Computer Engineering'),
	(21, 'Computer Systems'),
	(22, 'Pharmacy'),
	(24, 'Materials Engineering'),
	(25, 'Computer Science and Accounting'),
	(26, 'Physical Therapy'),
	(27, 'Computer Science and Linguistics'),
	(28, 'Computer Science and Physics and Math'),
	(29, 'Mechanical Engineering'),
	(30, 'Bioengineering'),
	(32, 'Business'),
	(33, 'Math and Data Science'),
	(34, 'Business and Music'),
	(35, 'Philosophy'),
	(37, 'Electrical Engineering'),
	(39, 'Environmental Engineering'),
	(40, 'Undeclared'),
	(41, 'Business and Design'),
	(42, 'Chemical Engineering'),
	(45, 'Pharmacy Regulation'),
	(47, 'Electrical Engineering and Computer Engineering'),
	(48, 'Operations Research'),
	(49, 'Behavioral Neuroscience'),
	(51, 'English'),
	(52, 'Biology and English'),
	(54, 'Computer Science and Cognitive Psychology'),
	(55, 'Information Systems'),
	(56, 'Computer Science and Design'),
	(59, 'Journalism'),
	(62, 'Psychology and Criminal Justice'),
	(63, 'Computer Science and Game Development'),
	(64, 'Engineering'),
	(67, 'Computer Science and Business'),
	(69, 'Regulatory Affairs for Drugs, Biologics and Medical Devices'),
	(71, 'Biochemistry');

insert into hometown_location values
	(0, 'Freehold','NJ','USA'),
	(1, 'East Brunswick', 'NJ', 'USA'),
	(2, 'Portland', 'OR', 'USA'),
	(3, 'Franklin', 'MA', 'USA'),
	(4, 'New Rochelle', 'NY', 'USA'),
	(5, 'Farmingdale', 'NY', 'USA'),
	(6, 'Naples', 'FL', 'USA'),
	(7, 'Palm City', 'FL', 'USA'),
	(8, 'Coralville', 'IA', 'USA'),
	(9, 'Miami', 'FL', 'USA'),
	(10, 'Ashland', 'MA', 'USA'),
	(11, 'Commack', 'NY', 'USA'),
	(12, 'Mount Sinai', 'NY', 'USA'),
	(13, 'Surat', NULL, 'India'),
	(14, 'Lynnfield', 'MA', 'USA'),
	(15, 'Kentfield', 'CA', 'USA'),
	(16, 'Mumbai', NULL, 'India'),
	(17, 'Seattle', 'WA', 'USA'),
	(18, 'Redmond', 'WA', 'USA'),
	(19, 'Watertown', 'MA', 'USA'),
	(20, 'Rutland', 'MA', 'USA'),
	(21, 'Daphne', 'AL', 'USA'),
	(22, NULL, NULL, 'India'),
	(23, 'Atlanta', 'GA', 'USA'),
	(24, 'Norwell', 'MA', 'USA'),
	(25, 'Westford', 'MA', 'USA'),
	(26, 'Syracuse', 'NY', 'USA'),
	(27, 'Sturbridge', 'MA', 'USA'),
	(28, 'Dubai', NULL, 'United Arab Emirates'),
	(29, 'Sanford', 'ME', 'USA'),
	(30, 'Bayside', 'NY', 'USA'),
	(31, 'Bhopal', NULL, 'India'),
	(33, 'Brussels', NULL,'Belgium'),
	(34, 'Phoenixville', 'PA', 'USA'),
	(35, 'Ashford', 'CT', 'USA'),
	(39, 'Istanbul', NULL, 'Turkey'),
	(40, 'Lancaster', 'PA', 'USA'),
	(41, 'Walnut Creek', 'CA', 'USA'),
	(42, 'Santa Barbara', 'CA', 'USA'),
	(43, 'Kingston', 'MA', 'USA'),
	(44, 'Barrington', 'IL', 'USA'),
	(45, 'Concord', 'MA', 'USA'),
	(46, 'Chattanooga', 'TN', 'USA'),
	(48, 'West Babylon', 'NY', 'USA'),
	(49, NULL, NULL, 'China'),
	(52, 'New Hyde Park', 'NY', 'USA'),
	(53, 'Westwood', 'MA', 'USA'),
	(55, 'Brookfield', 'WI', 'USA'),
	(56, 'San Francisco', 'CA', 'USA'),
	(57, 'Mill Valley', 'CA', 'USA'),
	(58, 'Buffalo', 'NY', 'USA'),
	(59, 'Newton', 'MA', 'USA'),
	(60, 'Scranton', 'PA', 'USA'),
	(61, 'San Jose', 'CA', 'USA'),
	(62, 'Bourne', 'MA', 'USA'),
	(63, 'Newark', 'DE', 'USA'),
	(64, 'Mercer Island', 'WA', 'USA'),
	(65, 'Beijing', NULL, 'China'),
	(66, 'Los Angeles', 'CA', 'USA'),
	(67, 'Pearl River', 'NY', 'USA'),
	(68, 'Bangalore', NULL, 'India'),
	(69, 'Franklin Lakes', 'NJ', 'USA'),
	(70, 'Westborough', 'MA', 'USA'),
	(71, 'Alnmouth', NULL, 'United Kingdom'),
	(72, 'Rye', 'NH', 'USA'),
	(73, 'Wayne', 'NJ', 'USA'),
	(74, 'Oakland', 'CA', 'USA'),
	(75, 'Denver', 'CO', 'USA'),
	(76, 'Caracas', NULL, 'Venezuela'),
	(77, 'Woodbridge', 'CT', 'USA'),
	(78, 'South Orange', 'NJ', 'USA'),
	(79, 'Groton', 'MA', 'USA'),
	(80, 'Edison', 'NJ', 'USA'),
	(81, 'Worcester', 'MA', 'USA'),
	(82, 'Bridgewater', 'MA', 'USA'),
	(83, 'Plantation', 'FL', 'USA'),
	(84, 'Toronto', NULL, 'Canada'),
	(85, 'Taipei', NULL, 'Taiwan'),
	(87, 'Perth Amboy', 'NJ', 'USA'),
	(88, 'Horsham', 'PA', 'USA'),
	(89, 'Blue Bell', 'PA', 'USA'),
	(90, 'Brooklyn', 'NY', 'USA'),
	(91, 'Las Cruces', 'NM', 'USA'),
	(93, 'Billerica', 'MA', 'USA'),
	(94, 'North Andover', 'MA', 'USA'),
	(95, 'Old Bethpage', 'NY', 'USA'),
	(97, 'Jackson', 'NJ', 'USA');

insert into survey_location values
	(0, 'On-Campus Housing'),
	(1, 'Curry Student Center'),
	(2, 'Off-Campus'),
	(5, 'West Village H Lab'),
	(14, 'Snell Library'),
	(30, 'Shillman Hall');

insert into laptop values
	(0, 13, 'Dell', 'Inspiron'),
	(1, 13, 'Apple', 'MacBook Pro'),
	(3, 15, 'HP', 'Envy'),
	(4, 15, 'Dell', 'XPS'),
	(6, 15, 'MSi', 'GS63 Stealth'),
	(8, 15, 'Dell', 'Inspiron'),
	(11, 15, 'Fujitsu', 'LifeBook'),
	(13, 13, 'Lenovo', 'ThinkPad'),
	(15, 15, 'Apple', 'MacBook Air'),
	(19, 13, 'Dell', 'XPS'),
	(21, 15, 'Alienware', '15'),
	(22, 13, 'Apple', 'MacBook'),
	(26, 13, 'Lenovo', 'Yoga'),
	(28, 15, 'HP', 'EliteBook'),
	(29, 13, 'Apple', 'MacBook Air'),
	(32, 13, 'Lenovo', 'IdeaPad'),
	(34, 13, 'Toshiba', 'Satellite'),
	(35, 15, 'Dell', 'Precision'),
	(45, 15, 'Microsoft', 'Surface Book'),
	(47, 11, 'Apple', 'MacBook Air'),
	(48, 15, 'Asus', 'K501LX'),
	(53, 10, 'Microsoft', 'Surface Pro'),
	(58, 15, 'Apple', 'MacBook Pro'),
	(63, 15, 'Apple', 'MacBook'),
	(64, 15, 'Acer', 'Nitro'),
	(67, 17, 'Asus', 'Notebook'),
	(69, 15, 'Asus', 'K501UW'),
	(70, 13, 'Microsoft', 'Surface Book'),
	(72, 14, 'Lenovo', 'Flex'),
	(74, 15, 'Asus', 'Zenbook'),
	(75, 15, 'Acer', 'Aspire'),
	(76, 13, 'Asus', 'ZenBook'),
	(81, 15, 'Lenovo', 'ThinkPad'),
	(84, 15, 'Asus', 'P2540UA-AB51'),
	(87, 15, 'HP', 'Spectre'),
	(99, 17, 'MSI', 'GE62VR');

insert into person (person_id, major_id, hometown_location_id, survey_location_id, laptop_id, likelihood_to_buy_more, likelihood_to_put_more) values
	(1, 63, 21, 5, 0, 1, 1),
	(2, 14, 6, 1, 1, 7, 8),
	(3, 1, 88, 14, 1, 4, 6),
	(4, 55, 13, 14, 3, 4, 8),
	(5, 4, 16, 14, 4, 2, 2),
	(6, 55, 16, 14, 0, 6, 10),
	(7, 22, 59, 14, 6, 1, 1),
	(8, 1, 80, 1, 1, 3, 8),
	(9, 55, 65, 14, 8, 1, 1),
	(10, 1, 68, 14, 1, 1, 1),
	(11, 55, 31, 14, 1, 8, 8),
	(12, 55, 31, 14, 11, 1, 10),
	(13, 55, 16, 14, 8, 1, 1),
	(14, 37, 94, 0, 13, 3, 3),
	(15, 15, 25, 1, 1, 1, 3),
	(16, 17, 87, 1, 15, 2, 1),
	(17, 1, 53, 30, 8, 2, 5),
	(18, 26, 66, 2, 1, 10, 7),
	(19, 54, 56, 30, 1, 4, 5),
	(20, 24, 84, 2, 19, 1, 1),
	(21, 32, 89, 14, 4, 6, 8),
	(22, 63, 63, 2, 21, 3, 3),
	(23, 26, 5, 30, 22, 1, 1),
	(24, 26, 82, 30, 1, 1, 1),
	(25, 5, 22, 30, 0, 9, 9),
	(26, 48, 16, 30, 21, 2, 2),
	(27, 16, 24, 30, 26, 6, 8),
	(28, 21, 16, 30, 15, 1, 1),
	(29, 49, 11, 30, 28, 7, 2),
	(30, 9, 65, 1, 29, 9, 8),
	(31, 51, 83, 30, 1, 10, 10),
	(32, 11, 12, 30, 1, 4, 10),
	(33, 26, 14, 30, 32, 4, 4),
	(34, 64, 49, 14, 13, 1, 5),
	(35, 28, 43, 30, 34, 1, 2),
	(36, 29, 91, 0, 35, 6, 8),
	(37, 71, 27, 1, 22, 1, 1),
	(38, 33, 35, 30, 0, 7, 7),
	(39, 42, 40, 0, 0, 8, 8),
	(40, 1, 0, 0, 1, 5, 2),
	(41, 56, 2, 0, 1, 6, 1),
	(42, 67, 73, 0, 1, 2, 1),
	(43, 32, 76, 2, 1, 10, 10),
	(44, 34, 95, 5, 1, 5, 8),
	(45, 32, 72, 14, 1, 5, 5),
	(46, 35, 17, 14, 45, 6, 10),
	(47, 69, 49, 14, 1, 2, 2),
	(48, 45, 49, 14, 47, 1, 1),
	(49, 14, 34, 5, 48, 2, 3),
	(50, 59, 74, 2, 4, 8, 8),
	(51, 32, 20, 14, 1, 1, 4),
	(52, 26, 93, 0, 0, 2, 4),
	(53, 26, 2, 0, 1, 4, 7),
	(54, 0, 17, 0, 53, 1, 6),
	(55, 8, 14, 0, 26, 1, 1),
	(56, 30, 75, 0, 8, 2, 3),
	(57, 1, 9, 5, 1, 1, 1),
	(58, 1, 18, 5, 29, 1, 10),
	(59, 17, 10, 0, 58, 5, 8),
	(60, 29, 57, 5, 1, 1, 1),
	(61, 32, 44, 0, 4, 1, 1),
	(62, 1, 42, 0, 1, 1, 1),
	(63, 2, 26, 14, 0, 1, 1),
	(64, 32, 28, 2, 63, 8, 1),
	(65, 18, 97, 5, 64, 2, 8),
	(66, 1, 79, 0, 32, 1, 1),
	(67, 13, 78, 0, 3, 10, 10),
	(68, 29, 67, 0, 67, 1, 1),
	(69, 29, 29, 2, 1, 1, 1),
	(70, 18, 55, 5, 69, 1, 1),
	(71, 32, 1, 0, 70, 1, 1),
	(72, 39, 81, 0, 1, 2, 2),
	(73, 27, 59, 2, 72, 1, 1),
	(74, 26, 41, 14, 47, 6, 9),
	(75, 1, 93, 0, 74, 9, 6),
	(76, 32, 7, 0, 75, 4, 4),
	(77, 10, 19, 2, 76, 10, 10),
	(78, 62, 9, 0, 19, 6, 10),
	(79, 29, 23, 2, 28, 1, 1),
	(80, 6, 45, 0, 47, 1, 1),
	(81, 12, 71, 14, 74, 1, 1),
	(82, 1, 77, 0, 81, 1, 1),
	(83, 49, 70, 0, 1, 1, 1),
	(84, 11, 4, 14, 1, 5, 8),
	(85, 47, 46, 2, 84, 6, 8),
	(86, 32, 48, 0, 1, 9, 10),
	(87, 29, 62, 2, 19, 1, 1),
	(88, 40, 58, 0, 87, 8, 8),
	(89, 32, 1, 0, 76, 1, 1),
	(90, 1, 61, 0, 1, 5, 10),
	(91, 52, 3, 0, 0, 8, 9),
	(92, 32, 33, 0, 1, 1, 3),
	(93, 32, 85, 14, 1, 2, 2),
	(94, 32, 10, 14, 1, 4, 9),
	(95, 41, 39, 30, 22, 1, 1),
	(96, 1, 64, 14, 1, 4, 6),
	(97, 14, 30, 5, 1, 8, 8),
	(98, 2, 58, 2, 1, 1, 8),
	(99, 18, 8, 0, 35, 1, 1),
	(100, 2, 60, 0, 99, 1, 4),
	(101, 1, 56, 0, 29, 3, 2),
	(102, 0, 69, 0, 1, 1, 2),
	(103, 25, 52, 5, 29, 3, 1),
	(104, 1, 90, 0, 1, 5, 5),
	(105, 1, 15, 2, 13, 1, 1);


insert into color (color_id, name) values (0, 'Black');
insert into color (color_id, name) values (1, 'Red');
insert into color (color_id, name) values (2, 'Blue');
insert into color (color_id, name) values (3, 'Gray');
insert into color (color_id, name) values (4, 'White');
insert into color (color_id, name) values (5, 'Silver');
insert into color (color_id, name) values (6, 'Orange');
insert into color (color_id, name) values (7, 'Yellow');
insert into color (color_id, name) values (8, 'Green');
insert into color (color_id, name) values (9, 'Pink');
insert into color (color_id, name) values (10, 'Beige');
insert into color (color_id, name) values (11, 'Purple');
insert into color (color_id, name) values (12, 'Rainbow');
insert into color (color_id, name) values (13, 'Brown');


insert into brand (brand_id, name) values (0, 'NBC');
insert into brand (brand_id, name) values (1, 'Barstool Sports');
insert into brand (brand_id, name) values (2, 'Mugatunes');
insert into brand (brand_id, name) values (3, 'Northeastern University');
insert into brand (brand_id, name) values (4, 'Boston.com');
insert into brand (brand_id, name) values (5, '2K Games');
insert into brand (brand_id, name) values (6, 'MLB');
insert into brand (brand_id, name) values (7, 'Harmonix');
insert into brand (brand_id, name) values (8, 'Sony');
insert into brand (brand_id, name) values (9, 'Dirty Floor Brown Ale');
insert into brand (brand_id, name) values (10, 'Heartwood');
insert into brand (brand_id, name) values (11, 'NUPD');
insert into brand (brand_id, name) values (12, 'B-Side Label');
insert into brand (brand_id, name) values (13, 'Bluefish Cove');
insert into brand (brand_id, name) values (14, 'Lamplighter Brewing Company');
insert into brand (brand_id, name) values (15, 'Elizabeth Warren');
insert into brand (brand_id, name) values (16, 'Meiji University');
insert into brand (brand_id, name) values (17, 'Giraffe House');
insert into brand (brand_id, name) values (18, 'Cliff''s Tattoo');
insert into brand (brand_id, name) values (19, 'Life is Good');
insert into brand (brand_id, name) values (20, 'Google');
insert into brand (brand_id, name) values (21, 'Tableau');
insert into brand (brand_id, name) values (22, 'Amazon');
insert into brand (brand_id, name) values (23, 'Github');
insert into brand (brand_id, name) values (24, 'Major League Hacking');
insert into brand (brand_id, name) values (25, 'Hello Kitty');
insert into brand (brand_id, name) values (26, 'Codacity.com');
insert into brand (brand_id, name) values (27, 'Microsoft');
insert into brand (brand_id, name) values (28, 'Star Wars');
insert into brand (brand_id, name) values (29, 'Toms');
insert into brand (brand_id, name) values (30, 'Puravida');
insert into brand (brand_id, name) values (31, 'Snapchat');
insert into brand (brand_id, name) values (32, 'University of New England');
insert into brand (brand_id, name) values (33, 'Pokemon');
insert into brand (brand_id, name) values (34, 'Warner Bros');
insert into brand (brand_id, name) values (35, 'Girls Who Code');
insert into brand (brand_id, name) values (36, 'Facebook');
insert into brand (brand_id, name) values (37, 'Twitter');
insert into brand (brand_id, name) values (38, 'HubSpot');
insert into brand (brand_id, name) values (39, 'Bike Benefits');
insert into brand (brand_id, name) values (40, 'Star Trek');
insert into brand (brand_id, name) values (41, 'Fox');




-- rows 41-60, person_ids 40-59

insert into sticker (sticker_id, text, width, height, color_id, brand_id) values (0, 'Dunder Mifflin Paper Company', 2, 1, 0, 0);
insert into sticker (sticker_id, text, width, height, color_id, brand_id) values (1, 'Swanson Pyramid of Greatness', 4, 3, 1, 0);

insert into sticker (sticker_id, text, width, height, color_id, brand_id) values (2, 'Viva La', 5, 4, 0, 1);
insert into sticker (sticker_id, text, width, height, color_id) values (3, 'Las Olas Tacqueria', 4, 2, 2);
insert into sticker (sticker_id, text, width, height, color_id) values (4, 'Trezor', 4, 2, 0);
insert into sticker (sticker_id, text, width, height, color_id, brand_id) values (5, '#NoShittyMusic', 8, 2, 0, 2);
insert into sticker (sticker_id, text, width, height, color_id) values (6, 'Blenders Rocked With Pride Worldwide', 3, 3, 2);

insert into sticker (sticker_id, width, height, color_id) values (7, 3, 3, 3);
insert into sticker (sticker_id, text, width, height, color_id, brand_id) values (8, 'Just Dewitt.', 3, 4, 0, 5);
insert into sticker (sticker_id, text, width, height, color_id) values (9, '10p', 3, 4, 1);
insert into sticker (sticker_id, text, width, height, color_id, brand_id) values (10, 'NUSCI', 3, 3, 4, 3);
insert into sticker (sticker_id, text, width, height, color_id, brand_id) values (11, 'boston.com Keep up.', 3, 6, 0, 4);
insert into sticker (sticker_id, width, height, color_id, brand_id) values (12, 3, 3, 5, 5);
insert into sticker (sticker_id, text, width, height, color_id, brand_id) values (13, 'Oakland Athletics', 4, 4, 4, 6);

insert into sticker (sticker_id, text, width, height, color_id) values (14, 'Cardly', 4, 2, 0);

insert into sticker (sticker_id, width, height, color_id, brand_id) values (15, 4, 4, 4, 7);
insert into sticker (sticker_id, width, height, color_id, brand_id) values (16, 2, 2, 2, 8);
insert into sticker (sticker_id, text, width, height, color_id) values (17, 'The Taco & Ice Cream Joint', 5, 3, 1);
insert into sticker (sticker_id, text, width, height, color_id, brand_id) values (18, 'We Live Together', 3, 3, 4, 9);
insert into sticker (sticker_id, text, width, height, color_id, brand_id) values (19, 'Can''t You', 3, 3, 4, 10);

insert into sticker (sticker_id, text, width, height, color_id) values (20, 'God is within her she will not fall', 3, 4, 0);
insert into sticker (sticker_id, text, width, height, color_id) values (21, 'You are my sunshine', 3, 1, 0);
insert into sticker (sticker_id, text, width, height, color_id) values (22, 'Boston', 4, 2, 0);
insert into sticker (sticker_id, text, width, height, color_id) values (23, 'Colorado', 3, 1, 0);
insert into sticker (sticker_id, text, width, height, color_id) values (24, 'Visit Uganda', 3, 3, 6);
insert into sticker (sticker_id, width, height, color_id) values (25, 2, 4, 0);
insert into sticker (sticker_id, text, width, height, color_id, brand_id) values (26, 'Northeastern University', 4, 2, 0, 3);
insert into sticker (sticker_id, text, width, height, color_id) values (27, 'Radiate Positivity', 3, 3, 7);
insert into sticker (sticker_id, width, height, color_id) values (28, 3, 3, 8);
insert into sticker (sticker_id, width, height, color_id) values (29, 2, 1, 0);

insert into person_has_sticker (person_id, sticker_id) values (44, 0);
insert into person_has_sticker (person_id, sticker_id) values (44, 1);

insert into person_has_sticker (person_id, sticker_id) values (45, 2);
insert into person_has_sticker (person_id, sticker_id) values (45, 3);
insert into person_has_sticker (person_id, sticker_id) values (45, 4);
insert into person_has_sticker (person_id, sticker_id) values (45, 5);
insert into person_has_sticker (person_id, sticker_id) values (45, 6);

insert into person_has_sticker (person_id, sticker_id) values (50, 7);
insert into person_has_sticker (person_id, sticker_id) values (50, 8);
insert into person_has_sticker (person_id, sticker_id) values (50, 9);
insert into person_has_sticker (person_id, sticker_id) values (50, 10);
insert into person_has_sticker (person_id, sticker_id) values (50, 11);
insert into person_has_sticker (person_id, sticker_id) values (50, 12);
insert into person_has_sticker (person_id, sticker_id) values (50, 13);

insert into person_has_sticker (person_id, sticker_id) values (51, 14);

insert into person_has_sticker (person_id, sticker_id) values (58, 15);
insert into person_has_sticker (person_id, sticker_id) values (58, 16);
insert into person_has_sticker (person_id, sticker_id) values (58, 17);
insert into person_has_sticker (person_id, sticker_id) values (58, 18);
insert into person_has_sticker (person_id, sticker_id) values (58, 19);

insert into person_has_sticker (person_id, sticker_id) values (59, 20);
insert into person_has_sticker (person_id, sticker_id) values (59, 21);
insert into person_has_sticker (person_id, sticker_id) values (59, 22);
insert into person_has_sticker (person_id, sticker_id) values (59, 23);
insert into person_has_sticker (person_id, sticker_id) values (59, 24);
insert into person_has_sticker (person_id, sticker_id) values (59, 25);
insert into person_has_sticker (person_id, sticker_id) values (59, 26);
insert into person_has_sticker (person_id, sticker_id) values (59, 27);
insert into person_has_sticker (person_id, sticker_id) values (59, 28);
insert into person_has_sticker (person_id, sticker_id) values (59, 29);


-- Rows 21-40 (Persons 20-39) ------------------------
insert into sticker (sticker_id, text, width, height, color_id, price, brand_id) values
	(30, 'faith > fear', 2, 1, 0, 4, null),
	(31, '#DANCER', 4, 1, 0, 4, null),
	(32, 'Radiate Positivity', 4, 1, 7, 3, null),
	(33, 'Black Lives Matter',4, 1, 0, 3, null),
	(34, null, 3, 2, 0, 3, null),
	(35, 'Sigma Kappa', 4, 2, 0, 4, null),
	(36, 'Friends', 4, 1 , 0, 4, 0),
	(37,'Dogs', 3, 3, 9, 3, null),
	(38, 'all you need is ice cream', 1, 4, 10, 3, null),
	(39, null, 3, 3, 7, 3, null);

insert into sticker (sticker_id, text, width, height, color_id, price, brand_id) values
	(40, 'Warning: Police Identifiable', 3, 2, 1, 0, 11),
	(41, 'Security Tracking of Office Property', 3, 2, 1, 0, 11);

insert into sticker (sticker_id, text, width, height, color_id, brand_id) values
	(42, 'Let''s Travel', 2, 2, 0, 12),
	(43, 'Bluefish Cove',7, 5, 4, 13),
	(44, 'Lamplighter Brewing Company', 5, 5, 3, 14),
	(45, 'Persist', 4, 13, 1, 14),
	(46, 'Meiji University', 2, 2, 0, 16),
	(47, 'School of Politcal Science and Economics', 2, 2, 0, 16),
	(48, 'Kyoto Limited', 2, 3, 6, 12);

insert into sticker (sticker_id, text, width, height, color_id, brand_id) values
	(49, null, 3, 5, 9, null);

insert into sticker (sticker_id, text, width, height, color_id, brand_id) values
	(50, 'Dragon Prayer Book', 2, 4, 1, null),
	(51, 'Ni hao', 3, 3, 1, null),
	(52, 'In Darkness Let Me Dwell', 3, 5, 9, 17),
	(53, 'Northeastern University', 8, 4, 1, 3),
	(54, 'NULab', 3, 3, 1, 3),
	(55, null, 8, 3, 4, null),
	(57, 'Giraffe House', 3, 3, 9, 11);

insert into sticker (sticker_id, text, width, height, color_id, brand_id) values
	(58, null, 2, 5, 4, null),
	(59, null, 3, 3, 2, null),
	(60, 'Cliff''s Tattoo', 2, 2, 0, 18),
	(61, null, 4, 3, 0, null),
	(62, null, 5, 2, 0, null),
	(63, 'be happy', 4, 3, 12, null),
	(64, null, 1, 1, 0, null),
	(65, 'Life is Good', 4, 4, 2, 19),
	(66, null, 4, 2, 11, null),
	(67, 'Ban The Bottle Save The Planet', 3, 3, 4, null);

insert into sticker (sticker_id, text, width, height, color_id, brand_id) values
	(114, 'N', 4, 4, 1, 3),
	(115, 'UNE Nor''easters', 4, 3, 2, 32),
	(116, null, 2, 3, 8, null);

insert into sticker (sticker_id, text, width, height, color_id, brand_id) values
	(117, null, 3,2, 2, 33);

insert into sticker (sticker_id, text, width, height, color_id, brand_id) values
	(118, 'B R C C', 3, 4, 0, null),
	(119, 'I solemnly swear that I am up to no good', 7, 3, 0, 34),
	(120, 'Walls are meant for climbing', 3, 4, 0, null),
	(121, '2017 Eckhardt Northeast Regional Conference', 3, 3, 1, null),
	(122, null, 2, 2, 1, null), -- Picure of brain
	(123, 'Northeastern University AIChe', 3, 2, 0, 3),
	(124, 'HOME', 4, 3, 7, null), -- Picture of PA
	(125, null, 3, 3, 0, null), -- Picture of girl grabbing building
	(126, 'Corrosive Materials', 4, 2, 0, null),
	(127, 'United Nations', 3, 3, 2, null),
	(128, 'Friction', 4, 3, 0, null);




insert into person_has_sticker values
	(21, 30),
	(21, 31),
	(21, 32),
	(21, 33),
	(21, 34),
	(21, 35),
	(21, 36),
	(21, 37),
	(21, 38),
	(21, 39),
	(25, 40),
	(25, 41),
	(27, 42),
	(27, 43),
	(27, 44),
	(27, 45),
	(27, 46),
	(27, 47),
	(27, 48),
	(30, 49),
	(31, 50),
	(31, 51),
	(31, 52),
	(31, 53),
	(31, 54),
	(31, 55),
	(31, 57),
	(32, 58),
	(32, 59),
	(32, 60),
	(32, 61),
	(32, 62),
	(32, 63),
	(32, 64),
	(32, 65),
	(32, 66),
	(32, 67),
	(32, 29),
	(33, 114),
	(33, 115),
	(33, 116),
	(38, 117),
	(39, 10),
	(39, 118),
	(39, 119),
	(39, 120),
	(39, 121),
	(39, 122),
	(39, 123),
	(39, 124),
	(39, 125),
	(39, 126),
	(39, 127),
	(39, 128);




---------------------------


-- Stickers for person_ids 92-105 (rows 93-106)
insert into sticker (sticker_id, text, width, height, color_id, brand_id) values
	(300, 'New Schoolers', 4, 4, 0, null),
	(301, 'Best Summer Ever * Momentum Ski Camps', 4, 3, 8, null),
	(302, 'University', 4, 1, 2, null),

	(303, 'Concepts', 6, 2, 8, null),
	(304, 'Parade', 2, 2, 0, null),

	(305, 'prime student', 3, 2, 2, 22),

	(306, 'CCIS', 2, 2, 1, 3), -- Red N, black squares, white ccis text
	(307, 'Hack Beanpot', 3, 2, 0, null),
	(308, 'Hack', 2, 2, 4, null), -- white background
	(309, '#GHC16', 4, 2, 0, 35),
	(310, 'girls who code', 4, 3, 8, 35),
	(311, 'Hack', 2, 2, 13, null),
	(312, 'NUWIT', 4, 3, 8, 3), -- Bottom right
	(313, 'GitHub', 2, 1, 4, 23),
	(314, 'YouTube', 4, 2, 1, 20),
	(315, 'Ice Age', 3, 3, 2, null),
	(316, 'HH', 3, 4, 2, 3), -- Husky Hacks logo
	(318, null, 2, 1, 13, null), -- Sleeping Dog
	(319, null, 3, 3, 0, null), -- Two upside down white triangles
	(320, null, 2, 2, 2, null), -- Blue power button
	(321, null, 3, 4, 13, null), -- Brown backpack
	(322, null, 2, 2, 2, 36), -- Blue messenger icon
	(323, null, 2, 2, 11, 36), -- Instagram icon
	(324, null, 3, 4, 7, null), -- Yellow dog
	(325, null, 2, 2, 13, null), -- Dog with coffee
	(326, null, 2, 2, 2, 37), -- Twitter logo
	(327, null, 2, 2, 0, null), -- Black Square
	(328, null, 4, 4, 4, null), -- Angry ramen
	(329, null, 1, 1, 13, null), --Guy on cloud
	(330, null, 1, 1, 9, null), -- Spaceship pink thing
	(331, null, 1, 2, 13, null), -- Dog with hamburger
	(332, null, 1, 2, 2, null), -- Blue lightbulb
	(333, null, 2, 1, 0, null), -- Penguin
	(334, null, 2, 3, 0, null), -- Howling husky
	(335, null, 2, 2, 2, 36), -- Facebook logo
	(336, null, 2, 3, 2, null), -- TARDIS blue telephone box
	(337, null, 2, 2, 2, null), -- Blue background, white turn on button

	(338, 'HubSpot', 4, 1, 0, 38),
	(339, 'NUWIT', 3, 3, 2, 3),
	(340, 'Boston', 3, 2, 1, null),
	(341, 'Bike Benefits BikeBenefits.org', 1, 2, 2, 39),
	(342, null, 1, 1, 2, null), -- Rocket ship
	(343, null, 1, 1, 1, null), -- Lightning bolt
	(344, null, 1, 1, 7, null), -- Star
	(345, null, 1, 1, 8, null), -- Green donut
	(346, null, 4, 4, 6, 38),  -- HubSpot thing

	(347, 'Black Red', 3, 3, 4, 3),

	(348, 'Make It So.', 4, 5, 1, 40);



insert into person_has_sticker values
	(92, 300),
	(92, 301),
	(92, 302),
	(94, 303),
	(94, 304),
	(96, 305),
	(97, 71),
	(97, 72),
	(97, 83),
	(97, 306),
	(97, 307),
	(97, 308),
	(97, 309),
	(97, 310),
	(97, 311),
	(97, 312),
	(97, 313),
	(97, 314),
	(97, 315),
	(97, 316),
	(97, 318),
	(97, 319),
	(97, 320),
	(97, 321),
	(97, 322),
	(97, 323),
	(97, 324),
	(97, 325),
	(97, 326),
	(97, 327),
	(97, 328),
	(97, 329),
	(97, 330),
	(97, 331),
	(97, 332),
	(97, 333),
	(97, 334),
	(97, 335),
	(97, 336),
	(97, 337),
	(97, 99),
	(98, 338),
	(98, 339),
	(98, 340),
	(98, 341),
	(98, 342),
	(98, 343),
	(98, 344),
	(98, 345),
	(98, 346),
	(99, 40),
	(99, 41),
	(100, 306),
	(101, 41),
	(101, 40),
	(103, 347),
	(104, 348);














---------------------

-- Stickers for person_ids 1-20 (rows 2-21)

insert into sticker (sticker_id, text, width, height, color_id, brand_id) values
    (68, 'CCIS', 2, 2, 1, 3),
    (69, 'We the People of the United States, I Voted Today', 2, 2, 10, null),
    (70, 'Husky Environmental Action Team HEAT', 3, 3, 10, 3),

    (71, 'NUHACKS', 3, 2, 2, 3),
    (72, 'Nuacm', 2, 2, 2, 3),

    (73, 'Google', 4, 1, 12, 20),
    (74, null, 2, 2, 2, null),  -- binoculars inside blue square
    (75, null, 2, 2, 11, null),  -- atom inside purple square
    (76, 'Awesome Day 2018', 2, 2, 2, 22), -- amazon
    (77, null, 2, 3, 4, null),  -- robot with blue eyes?
    (78, 'NU ACES', 4, 1, 0, 3),
    (79, 'Who''s Your Data?', 2, 2, 2, 21),
    (80, null, 2, 2, 0, 3), --husky paw print

    (81, '2019 Hackathon Season', 3, 3, 0, 24),
    (82, null, 3, 2, 4, 20), --gmail
    (83, null, 2, 3, 8, 20), --android
    (84, 'MLH Hardware Lab Presented By Digi-Key', 4, 2, 8, 24),
    (85, null, 1, 2, 6, 23), --github bag

    (86, 'I ate something yummy', 2, 2, 9, 25),

    (87, 'Ask Why', 3, 1, 0, null),
    (88, 'Solve Together', 3, 2, 10, null),
    (89, 'Friends Close, Bad Code Closer!', 2, 3, 0, 26),

    (90, null, 11, 8, 12, null),

    (91, null, 3, 3, 12, 27),
    (92, 'NATIONAL clean Energy WEEK', 4, 4, 4, null), -- yes, it was capitalized like this

    (93, null, 3, 3, 8, 28), -- yoda sticker
    (94, 'We Are All Wonder Women!', 3, 2, 4, null),

    (95, 'ふにふに', 2, 1, 4, null), -- 'funi funi' in japanese with hamster picture

    (96, 'Police Public Call Box', 11, 5, 2, null),

    (97, 'TOMS', 4, 3, 2, 29),
    (98, 'CCIS', 2, 1, 4, 3),
    (99, 'NUWIT', 3, 2, 2, null), -- blue butterfly
    (100, 'puravida bracelets', 3, 1, 2, 30),
    (101, 'N Northeastern', 1, 1, 1, 3),
    (102, null, 2, 2, 7, null), -- simley face with blurry writing on mouth
    (103, null, 1, 1, 0, 3), -- face of NU Husky
    (104, null, 1, 1, 0, 3), -- NU paw print, small version
    (105, 'I [whale] BOSTON', 3, 2, 4, null),
    (106, null, 1, 1, 4, 31), -- snapchat ghost
    (107, 'Northeastern', 5, 1, 4, 3), -- yet another northeastern sticker
    (108, null, 3, 3, 11, null), -- some purple flame/symbol?
    (109, 'California Republic', 5, 5, 10, null), -- flag of california
    (110, 'H', 2, 3, 2, null), -- individual letters with pictures of palm trees
    (111, 'E', 2, 3, 2, null),
    (112, '>', 2, 3, 2, null),
    (113, 'i', 1, 3, 2, null);

-- person then sticker
insert into person_has_sticker values
    (2, 68),
    (2, 69),
    (2, 70),
    (3, 71),
    (3, 72),
    (4, 73),
    (4, 74),
    (4, 75),
    (4, 76),
    (4, 77),
    (4, 78),
    (4, 79),
    (4, 80),
    (6, 81),
    (6, 82),
    (6, 83),
    (6, 84),
    (6, 85),
    (8, 86),
    (10, 87),
    (10, 88),
    (10, 89),
    (11, 90),
    (12, 91),
    (12, 92),
    (14, 93),
    (14, 94),
    (16, 80), -- the husky paw print sticker - repeated!
    (17, 95),
    (18, 96),
    (19, 97),
    (19, 98),
    (19, 99),
    (19, 100),
    (19, 101),
    (19, 102),
    (19, 103),
    (19, 104),
    (19, 105),
    (19, 106),
    (19, 107),
    (19, 108),
    (19, 109),
    (19, 110),
    (19, 111),
    (19, 112),
    (19, 113);



-- stickers for ids 76-91 (rows 77-92)
insert into sticker (sticker_id, text, width, height, color_id, brand_id) values
    (214, 'N', 2, 2, 1, 3),
    (215, 'Slurm', 2, 2, 8, 41), -- futurama slurm
    (216, null, 1, 1, 4, null), -- white paw print (unknown if it is northeastern?)
    (217, 'V', 2, 2, 0, null), -- black v with leaf on right and circle around it
    (218, null, 2, 2, 2, null), -- Gunther penguin from adventure time
    (219, null, 2, 2, 10, null), -- idk, the drag race show maybe?
    (220, 'Vans off the wall', 3, 1, 4, null),
    (221, null, 2, 2, 1, null), -- maple leaf
    (8221, null, 2, 2, 0, null), -- hand prints
    (8222, 'Target', 2, 2, 0, null), -- Target sticker with name omitted
    (8223, 'Pura Vida', 2, 2, 2, 30), -- peace wagon

    (222, null, 2, 3, 2, null), -- stitch from lilo and stitch
    (223, 'Supernova', 1, 1, 1, null), -- generic 'supernova' comic-book effect
    (224, 'FUCK the PATRIARCHY', 2, 2, 1, null),
    (225, 'スタジオジブリ STUDIO GHIBLI', 3, 2, 2, null), -- Studio ghibli with Totora picture
    (226, 'GHOST', 2, 2, 4, null), -- Dog named ghost, may be a brand/comic but idk
    (227, null, 2, 2, 4, null), -- white dog circular sticker
    (228, 'Music Is All We Got', 2, 3, 4, null),
    (229, 'devil worshippers social outcasts', 2, 1, 0, null),
    (230, 'Don''t touch my stuff', 2, 2, 9, null), -- Louise from bob's burgers
    (231, 'FEMINISM is not here to dictate you.', 2, 3, 0, null),
    (232, 'S.T.A.R. Laboratories', 3, 2, 0, null),
    (233, 'Fight Like A Girl', 2, 2, 1, null),
    (234, 'Sweat Records Little Haiti Miami', 2, 2, 4, null),

    (235, 'amazon', 2, 1, 4, 22),
    (236, null, 1, 1, 4, null),

    (237, '''It''s from a vine.''', 3, 1, 4, null),
    (238, null, 3, 3, 2, null), -- backwards 7 flag?
    (239, null, 1, 3, 11, null), -- purple flowers
    (240, 'Ramah Camping Movement', 3, 2, 8, null),
    (241, null, 1, 3, 2, null), -- 3 cats stacked on another
    (242, 'spread hummus not hate', 3, 3, 0, null),
    (243, null, 1, 1, 1, null), -- red cartoon cat drawing
    (244, null, 1, 1, 1, null), -- some sort of apple that is also a box in a magician hat
    (245, null, 3, 2, 12, null), -- guitar pedals

    (246, '1+', 1, 1, 1, null), -- 1+ (one plus) logo
    (247, 'Noided', 3, 1, 1, null),
    (248, 'SPARROWS', 3, 3, 1, null),
    (249, null, 3, 3, 2, null), -- no idea, looks like a coaster or well

    (250, 'I Stand with planned parenthood #StandwithPP', 2, 2, 9, null),
    (251, 'Cats Against Cat Calls', 2, 2, 10, null),
    (252, null, 2, 2, 2, null), -- blue painting
    (253, null, 2, 2, 12, null),
    (254, 'The greatest city in the world', 3, 1, 0, null),
    (255, null, 2, 3, 7, null), -- painting of flowers
    (256, 'DARWIN', 3, 1, 0, null), -- darwin fish
    (257, null, 2, 2, 13, null), -- another abstract painting
    (258, null, 3, 3, 8, null), -- paintings...
    (259, 'Northeastern University Boston, Massachusetts', 3, 3, 1, 3),
    (260, null, 3, 2, 10, null), -- classical/medieval painting
    (261, null, 3, 1, 1, null), -- lightning mcqueen
    (262, 'Kerchoo', 1, 1, 4, null), -- custom kerchoo
    (263, null, 2, 2, 7, null), -- pasta farianism
    (264, 'May you be touched by his noodly appendage', 3, 1, 1, null),

    (265, 'Supreme', 5, 2, 1, null),
    (266, null, 2, 2, 7, null),
    (267, null, 1, 2, 4, null),
    (268, null, 4, 2, 4, null),

    (269, null, 2, 3, 8, null),
    (270, null, 2, 2, 13, null),
    (271, 'That the powerful play goes on and you may contribute a verse', 2, 3, 0, null),
    (272, 'Walt Whitman', 1, 1, 0, null),
    (273, 'Renewable Energy? I''m a big fan', 3, 2, 2, null),
    (274, 'Love is Love is Love is Love is Love is Love is Love is Love', 3, 3, 12, null),
    (275, null, 2, 3, 2, null), --blue bird
    (276, null, 2, 3, 1, null), --red cane thing
    (277, 'Que tengo un lindo dia', 4, 2, 4, null),
    (278, null, 2, 2, 2, null), --pigeon
    (279, null, 1, 1, 7, null), --yellow thing
    (280, 'Cymru', 3, 1, 8, null);

-- person then sticker
insert into person_has_sticker values
    (77, 214),
    (77, 215),
    (77, 216),
    (77, 217),
    (77, 218),
    (77, 219),
    (77, 220),
    (77, 221),
	(77, 8221),
	(77, 8222),
	(77, 8223),

    (78, 222),
    (78, 223),
    (78, 224),
    (78, 225),
    (78, 226),
    (78, 227),
    (78, 228),
    (78, 229),
    (78, 230),
    (78, 231),
    (78, 232),
    (78, 233),
    (78, 234),

    (79, 235),
    (79, 236),

    (84, 237),
    (84, 238),
    (84, 239),
    (84, 240),
    (84, 241),
    (84, 242),
    (84, 243),
    (84, 244),
    (84, 245),

    (85, 246),
    (85, 247),
    (85, 248),
    (85, 249),

    (86, 250),
    (86, 251),
    (86, 252),
    (86, 253),
    (86, 254),
    (86, 255),
    (86, 256),
    (86, 257),
    (86, 258),
    (86, 259),
    (86, 260),
    (86, 261),
    (86, 262),
    (86, 263),
    (86, 264),

    (88, 265),
    (88, 266),
    (88, 267),
    (88, 268),

    (91, 269),
    (91, 270),
    (91, 271),
    (91, 272),
    (91, 273),
    (91, 274),
    (91, 275),
    (91, 276),
    (91, 277),
    (91, 278),
    (91, 279),
    (91, 280);


--- person IDs 60-75 (rows 61-76), using sticker_ids 1000-2000 (except for already existing ones)
--60 none
--61 none
--62 none
--63 none
--64 none
--65
--66 none
--67
--68 none
--69 none
--70 none
--71 none
--72 none
--73 none
--74

insert into sticker (sticker_id, text, width, height, color_id) values
(1000, 'Cambridge Science Festival', 4, 3, 8);
insert into sticker (sticker_id, text, brand_id, width, height, color_id) values
(1001, 'it.', 38, 3, 2, 0);

insert into sticker (sticker_id, width, height, color_id) values
(1002, 4, 5, 0);
insert into sticker (sticker_id, text, width, height, color_id) values
(1003, 'x', 4, 4, 6);
insert into sticker (sticker_id, width, height, color_id) values
(1004, 2, 4, 5);

insert into sticker (sticker_id, text, width, height, color_id) values --i voted sticker
(1005, 'I Voted', 2, 1, 2);
insert into sticker (sticker_id, width, height, color_id) values
(1006, 2, 2, 9);
insert into brand (brand_id, name) values
(1000, 'Downeast');
insert into sticker (sticker_id, text, width, height, color_id, brand_id) values --downeast
(1007, 'Downeast Unfiltered', 2, 1, 2, 1000);
insert into sticker (sticker_id, text, width, height, color_id) values
(1008, 'Eat your coffee', 3, 3, 4);
insert into sticker (sticker_id, text, width, height, color_id) values
(1009, 'Emerald Lake Canada', 3, 3, 1);
insert into sticker (sticker_id, width, height, color_id) values -- turtle
(1010, 2, 2, 8);
insert into sticker (sticker_id, width, height, color_id) values
(1011, 4, 1, 2);

insert into sticker (sticker_id, text, width, height, color_id) values -- js
(1012, 'js', 2, 2, 8);
insert into sticker (sticker_id, width, height, color_id) values --hand with flower
(1013, 2, 4, 1);
insert into sticker (sticker_id, text, width, height, color_id) values
(1014, 'Utena', 3, 3, 9);
insert into brand (brand_id, name) values
(1001, 'Nintendo');
insert into sticker (sticker_id, width, height, color_id, brand_id) values -- pokemon, torchic
(1015, 1, 2, 6, 1001);
insert into sticker (sticker_id, width, height, color_id, brand_id) values -- pokemon, mudkip
(1016, 1, 2, 2, 1001);
insert into sticker (sticker_id, width, height, color_id, brand_id) values -- pitt from kid icarus
(1017, 2, 3, 4, 1001);
insert into sticker (sticker_id, width, height, color_id) values
(1018, 2, 2, 0);
insert into sticker (sticker_id, width, height, color_id) values
(1019, 3, 3, 8);
insert into sticker (sticker_id, width, height, color_id) values
(1020, 2, 2, 0);
insert into sticker (sticker_id, width, height, color_id) values
(1021, 3, 3, 9);
insert into sticker (sticker_id, width, height, color_id) values
(1022, 3, 4, 0);
insert into sticker (sticker_id, text, width, height, color_id) values
(1023, 'Our Turn.', 3, 6, 6);
insert into sticker (sticker_id, width, height, color_id, brand_id) values --pokemon, treecko
(1024, 1, 2, 8, 1001);
insert into sticker (sticker_id, text, width, height, color_id) values --html5
(1025, 'html5', 2, 2, 6);
insert into sticker (sticker_id,  width, height, color_id, brand_id) values --html5
(1026, 3, 3, 11, 1001);
insert into sticker (sticker_id,  width, height, color_id, brand_id) values --html5
(1027, 4, 4, 1, 3);


insert into person_has_sticker (person_id, sticker_id) values
(65, 346),
(65, 1000),
(65, 1001),

(67, 1002),
(67, 1003),
(67, 1004),

(74, 1005),
(74, 1006),
(74, 1007),
(74, 1008),
(74, 26),
(74, 1009),
(74, 1010),
(74, 1011),

(75, 1012),
(75, 1013),
(75, 1014),
(75, 1015),
(75, 1016),
(75, 1017),
(75, 1018),
(75, 1019),
(75, 1020),
(75, 1021),
(75, 1022),
(75, 1023),
(75, 1024),
(75, 1025),
(75, 1026),
(75, 1027);


-- Person updates
update person set gender='Male', laptop_purchased_dt='7/20/2017', laptop_picture_url='https://drive.google.com/open?id=12FBFj4iaTEL7m31j1TcFywp9YC_SpgOK' where player_id=1
update person set gender='Male', laptop_purchased_dt='1/1/2017', laptop_picture_url='https://drive.google.com/open?id=1ddND28_Pv0Fnn7B-fQuzTK74YGVrhI-V' where player_id=2
update person set gender='Male', laptop_purchased_dt='9/1/2016', laptop_picture_url='https://drive.google.com/open?id=1tJ_JqgyQFBbFh9KOSZoe_7CQu-FYhJII' where player_id=3
update person set gender='Male', laptop_purchased_dt='9/1/2017', laptop_picture_url='https://drive.google.com/open?id=1ELhjNFJWhbSe1hGsoDD7qFeXa4_N90qO' where player_id=4
update person set gender='Male', laptop_purchased_dt='1/1/2018', laptop_picture_url='https://drive.google.com/open?id=1ue9hybd0YdCSif5yquORSdxdrGNsSCjx' where player_id=5
update person set gender='Male', laptop_purchased_dt='8/1/2017', laptop_picture_url='https://drive.google.com/open?id=1Nr5zzXgX4gHmft_R6kcmPAbbXU7md702' where player_id=6
update person set gender='Male', laptop_purchased_dt='9/2/2018', laptop_picture_url='https://drive.google.com/open?id=13Ayqs-MRFk8Gud3-KVwaFCyRfXN-QMNY' where player_id=7
update person set gender='Prefer not to say', laptop_purchased_dt='6/1/2015', laptop_picture_url='https://drive.google.com/open?id=1gCeuE3ssYqXfZ0YMYPUjx1dJ2-zSDYAb' where player_id=8
update person set gender='Male', laptop_purchased_dt='11/15/2018', laptop_picture_url='https://drive.google.com/open?id=1nOaD_sNQpkxswoArG-AQvRZQHa1Rswg1' where player_id=9
update person set gender='Male', laptop_purchased_dt='8/1/2013', laptop_picture_url='https://drive.google.com/open?id=1uYTaiWlRoqf6EgH-IfcCq3kBK2ZqK7Rt' where player_id=10
update person set gender='Female', laptop_purchased_dt='1/10/2018', laptop_picture_url='https://drive.google.com/open?id=1MaX8ILLuoewTQDN-8nGh6XZuDJjYD_-V' where player_id=11
update person set gender='Male', laptop_purchased_dt='8/1/2016', laptop_picture_url='https://drive.google.com/open?id=1GaibOjKm7WySgNSeBeK96ERMqZMyT9h2' where player_id=12
update person set gender='Male', laptop_purchased_dt='9/4/2017', laptop_picture_url='https://drive.google.com/open?id=138-7Vz6Cpctb2lKILpG8usN9Ln4WiwEa' where player_id=13
update person set gender='Female', laptop_purchased_dt='3/20/2017', laptop_picture_url='https://drive.google.com/open?id=1vVJfW8V7FcB4dpfedphbcG6eAGF9co57' where player_id=14
update person set gender='Female', laptop_purchased_dt='3/1/2015', laptop_picture_url='https://drive.google.com/open?id=10Az34Q44aSLAMUlENwwa_HH3H32L7-ka' where player_id=15
update person set gender='Female', laptop_purchased_dt='10/1/2014', laptop_picture_url='https://drive.google.com/open?id=1HekHVm7nt_wOT0F9o2YUXyUYcOl6ke-K' where player_id=16
update person set gender='Male', laptop_purchased_dt='6/20/2016', laptop_picture_url='https://drive.google.com/open?id=1drLdkK4IqHsQvEFaMzSaiLrs-0bhNtJW' where player_id=17
update person set gender='Female', laptop_purchased_dt='7/19/2014', laptop_picture_url='https://drive.google.com/open?id=1B53SkxhSBDUOM_7ETWMObeYFJ5gjA4ND' where player_id=18
update person set gender='Female', laptop_purchased_dt='10/1/2013', laptop_picture_url='https://drive.google.com/open?id=1Z_vvwbBficOla5_38NjGFZdI5qpu3gYV' where player_id=19
update person set gender='Male', laptop_purchased_dt='11/18/2016', laptop_picture_url='https://drive.google.com/open?id=1FEdl65leruiv77FXMpb82Z-j59mzWIpi' where player_id=20
update person set gender='Female', laptop_purchased_dt='8/3/2018', laptop_picture_url='https://drive.google.com/open?id=1R8F9v-4sgkPWTdew1bngF8ehI2-MH-L-' where player_id=21
update person set gender='Male', laptop_purchased_dt='5/1/2016', laptop_picture_url='https://drive.google.com/open?id=1Uy1FMKPTYbeh2r26MFQQyfiA9fthtlKM' where player_id=22
update person set gender='Female', laptop_purchased_dt='6/11/2018', laptop_picture_url='https://drive.google.com/open?id=1SEsYxrDvvMh5usjzX37XqLGF1mCQUt38' where player_id=23
update person set gender='Female', laptop_purchased_dt='10/18/2018', laptop_picture_url='https://drive.google.com/open?id=13R4sRQGtPbUhnPAS-AjNL-4JHdMz7Apd' where player_id=24
update person set gender='Female', laptop_purchased_dt='11/10/2017', laptop_picture_url='https://drive.google.com/open?id=1U7VmOTTGOzV5zoqbrrrOEeXc4j5Qn1sy' where player_id=25
update person set gender='Male', laptop_purchased_dt='8/8/2016', laptop_picture_url='https://drive.google.com/open?id=1GHSaYPHEhdzcjelZP7hdEWk6rHvyo4k-' where player_id=26
update person set gender='Female', laptop_purchased_dt='1/1/2016', laptop_picture_url='https://drive.google.com/open?id=1OVvBx6Mm7p44OGB_na4lm01m5UvH1g2E' where player_id=27
update person set gender='Female', laptop_purchased_dt='11/1/2016', laptop_picture_url='https://drive.google.com/open?id=19fReNQaTx3yJjC0ogdIq8EmQoyWRMcmx' where player_id=28
update person set gender='Female', laptop_purchased_dt='6/10/2014', laptop_picture_url='https://drive.google.com/open?id=15wWsC9tt9YrVLoA0yMkqqutjg6jPlRxC' where player_id=29
update person set gender='Female', laptop_purchased_dt='1/6/2018', laptop_picture_url='https://drive.google.com/open?id=1gp5mocZQmQzSnY9PFK-vRtqb6oDkJmmV' where player_id=30
update person set gender='Male', laptop_purchased_dt='9/1/2013', laptop_picture_url='https://drive.google.com/open?id=1aXobZCYHkEbb8aKqsf1XuC5hM95d5SeP' where player_id=31
update person set gender='Female', laptop_purchased_dt='12/20/2016', laptop_picture_url='https://drive.google.com/open?id=1Mg7sn7Ygct26UUXBLxJs6pl0RzWPRNzJ' where player_id=32
update person set gender='Female', laptop_purchased_dt='8/10/2013', laptop_picture_url='https://drive.google.com/open?id=1wcR8R4vCh37QEeb2L8ROifa05ltkgKeL' where player_id=33
update person set gender='Male', laptop_purchased_dt='6/15/2017', laptop_picture_url='https://drive.google.com/open?id=1V5k6QMtgYp7AaS3WGLK_rquPw7r4fg_G' where player_id=34
update person set gender='Male', laptop_purchased_dt='5/6/2015', laptop_picture_url='https://drive.google.com/open?id=1pZ5Mb6Gt5dhltO4tXCVkz8ABldUUoM_9' where player_id=35
update person set gender='Female', laptop_purchased_dt='8/30/2018', laptop_picture_url='https://drive.google.com/open?id=1ISQ2z6e4fdybixayB1Ed_hM32NLHB55t' where player_id=36
update person set gender='Female', laptop_purchased_dt='1/1/2015', laptop_picture_url='https://drive.google.com/open?id=1gBp_HbXi6czGu9eekexXsgUllZgfr-sh' where player_id=37
update person set gender='Male', laptop_purchased_dt='11/16/2018', laptop_picture_url='https://drive.google.com/open?id=1xxwzQnLePpjzjYHkdniOfbRYSuc_EF-q' where player_id=38
update person set gender='Female', laptop_purchased_dt='8/12/2015', laptop_picture_url='https://drive.google.com/open?id=1ugdjSeNeEmt3q01JiNGbyEznx2jrI0bA' where player_id=39
update person set gender='Male', laptop_purchased_dt='8/22/2018', laptop_picture_url='https://drive.google.com/open?id=1uzlJxrfNujj7EbDvtTRqGIyVFVsO4RXt' where player_id=40
update person set gender='Female', laptop_purchased_dt='8/15/2015', laptop_picture_url='https://drive.google.com/open?id=1L26ezWUcSIhHcE53aHwwjy-84xE-85Bi' where player_id=41
update person set gender='Female', laptop_purchased_dt='8/15/2017', laptop_picture_url='https://drive.google.com/open?id=1fTXL85wgMNcs9FU4KL06c4r9rHbZZC9I' where player_id=42
update person set gender='Female', laptop_purchased_dt='8/28/2017', laptop_picture_url='https://drive.google.com/open?id=1vWEjr9Je_HYOWxTCkywTv0E22N6Gi1RU' where player_id=43
update person set gender='Male', laptop_purchased_dt='6/30/2016', laptop_picture_url='https://drive.google.com/open?id=1Pkz-iKBXE1c6HlJhDEiI-m2rbtjutBNL' where player_id=44
update person set gender='Male', laptop_purchased_dt='6/1/2014', laptop_picture_url='https://drive.google.com/open?id=1-WY_kZcEEKBwxPJiUrqutsxgW8SO4xPO' where player_id=45
update person set gender='Female', laptop_purchased_dt='9/1/2017', laptop_picture_url='https://drive.google.com/open?id=1EhyUFSXz5jlaKDlPryz5UakmcgOcgrqS' where player_id=46
update person set gender='Female', laptop_purchased_dt='11/1/2012', laptop_picture_url='https://drive.google.com/open?id=1-_8nd3Z0p62nbB4vvImyDoq6_NfTJxTr' where player_id=47
update person set gender='Female', laptop_purchased_dt='2/5/2015', laptop_picture_url='https://drive.google.com/open?id=13ACfIW_o1JJSPRCCpZHD_Dl-4rfQu8vd' where player_id=48
update person set gender='Male', laptop_purchased_dt='6/9/2016', laptop_picture_url='https://drive.google.com/open?id=1KTm9Cj9JTNzNLizp9ADvQ2o8cQHgXUye' where player_id=49
update person set gender='Female', laptop_purchased_dt='12/1/2016', laptop_picture_url='https://drive.google.com/open?id=1dPCr_1I8zCAAG8Ey2yq25LBzj59wd0TB' where player_id=50
update person set gender='Male', laptop_purchased_dt='9/15/2015', laptop_picture_url='https://drive.google.com/open?id=1HDTMJMN13NM2G7812HL3r6VhAoab25Ny' where player_id=51
update person set gender='Male', laptop_purchased_dt='8/15/2015', laptop_picture_url='https://drive.google.com/open?id=1x2zcA0hiJmZRr221xShpNSWXwDq-QFmk' where player_id=52
update person set gender='Female', laptop_purchased_dt='1/5/2015', laptop_picture_url='https://drive.google.com/open?id=1sCPgU68zpDQu9bmfOJFwpNeFZacmPJC3' where player_id=53
update person set gender='Female', laptop_purchased_dt='12/22/2017', laptop_picture_url='https://drive.google.com/open?id=1u_QvNK1Dws8bVx6xBDjxzKkZ013Wbz5X' where player_id=54
update person set gender='Female', laptop_purchased_dt='9/1/2016', laptop_picture_url='https://drive.google.com/open?id=1bOL7bgku444Vqb-JGcK7LqGwCZPaCvAr' where player_id=55
update person set gender='Male', laptop_purchased_dt='6/30/2014', laptop_picture_url='https://drive.google.com/open?id=1YkPmFMe-RZ3iCeJj8pfVHnSnftiMaflE' where player_id=56
update person set gender='Male', laptop_purchased_dt='8/12/2018', laptop_picture_url='https://drive.google.com/open?id=1-AUxFh8M6UkRGn0gXeDn0j5sVauSCEAN' where player_id=57
update person set gender='Male', laptop_purchased_dt='6/1/2013', laptop_picture_url='https://drive.google.com/open?id=1l2IzGFA9OyAWrHwVxgztOpD-LCDdwcvJ' where player_id=58
update person set gender='Female', laptop_purchased_dt='8/1/2015', laptop_picture_url='https://drive.google.com/open?id=1DOqtV5pBHFR3ENC8Ms795x5YrLQhzcvE' where player_id=59
update person set gender='Male', laptop_purchased_dt='7/1/2015', laptop_picture_url='https://drive.google.com/open?id=1IyL4X46DMB9bh3wu3TtdYF9HALuogW6-' where player_id=60
update person set gender='Male', laptop_purchased_dt='9/1/2018', laptop_picture_url='https://drive.google.com/open?id=14BFCLB8iRtGEplytjvsrUl_ZcQmcGyfE' where player_id=61
update person set gender='Male', laptop_purchased_dt='8/5/2017', laptop_picture_url='https://drive.google.com/open?id=19F1owwOnuxG_gEyuzWBc4F6QPiaWaMc8' where player_id=62
update person set gender='Male', laptop_purchased_dt='12/24/2017', laptop_picture_url='https://drive.google.com/open?id=14rmj5UEkk8ntAfR3pZJDi0pv057N8xOt' where player_id=63
update person set gender='Male', laptop_purchased_dt='7/15/2016', laptop_picture_url='https://drive.google.com/open?id=1MgIKqYuKFPvTaPoLlpNgCRc2Wxw2N2cx' where player_id=64
update person set gender='Male', laptop_purchased_dt='11/20/2017', laptop_picture_url='https://drive.google.com/open?id=1QXyKgCNYtXyLnSqZrH6dreKx4Cxn-Plf' where player_id=65
update person set gender='Male', laptop_purchased_dt='11/18/2018', laptop_picture_url='https://drive.google.com/open?id=1OaUPZ7fWvX0fpUfe7T8AEIQUTh311vR6' where player_id=66
update person set gender='Male', laptop_purchased_dt='8/1/2018', laptop_picture_url='https://drive.google.com/open?id=13UpUG0F-upodiV654kYu0NECPAOaF0eW' where player_id=67
update person set gender='Male', laptop_purchased_dt='12/28/2017', laptop_picture_url='https://drive.google.com/open?id=1dqBZ3oC_kV5_rltJK0VcYRgVlXoXE9e6' where player_id=68
update person set gender='Male', laptop_purchased_dt='4/1/2017', laptop_picture_url='https://drive.google.com/open?id=18OCuf4R2gRJ484lu-oWkaOOuHypoxKwB' where player_id=69
update person set gender='Male', laptop_purchased_dt='8/17/2017', laptop_picture_url='https://drive.google.com/open?id=1Og3PKqFS8LOXw3686UJeOh-rlrM4TepL' where player_id=70
update person set gender='Female', laptop_purchased_dt='8/8/2018', laptop_picture_url='https://drive.google.com/open?id=1UeHsCgQjqg1UGBZp5fimH09KvefsuQEC' where player_id=71
update person set gender='Male', laptop_purchased_dt='6/15/2017', laptop_picture_url='https://drive.google.com/open?id=1DmVrIe4JK2J5PYQnnyWq_9quUfug3OtG' where player_id=72
update person set gender='Female', laptop_purchased_dt='11/26/2017', laptop_picture_url='https://drive.google.com/open?id=1Y5rJG7heUnh9Zb1zdQcqLhf_a-1NxRuR' where player_id=73
update person set gender='Female', laptop_purchased_dt='6/20/2014', laptop_picture_url='https://drive.google.com/open?id=1-xnYHd7KWrIjW6pwjkIBAvLTdAeKVJ6t' where player_id=74
update person set gender='Male', laptop_purchased_dt='11/23/2017', laptop_picture_url='https://drive.google.com/open?id=1ASQVN2uE13hHXwjIYyGG5efSggCAaJlk' where player_id=75
update person set gender='Male', laptop_purchased_dt='6/1/2018', laptop_picture_url='https://drive.google.com/open?id=1sKL9h8c1J9Yxoc35JMaU7Mq3V1q7IArz' where player_id=76
update person set gender='Female', laptop_purchased_dt='8/27/2017', laptop_picture_url='https://drive.google.com/open?id=1Ab_opzYtOYd8_5rRRaezzX2z-6aQes01' where player_id=77
update person set gender='Female', laptop_purchased_dt='3/13/2017', laptop_picture_url='https://drive.google.com/open?id=1AHAxkmqIHE4CvKI7vQkj1DuO7vpaYwk6' where player_id=78
update person set gender='Male', laptop_purchased_dt='6/6/2018', laptop_picture_url='https://drive.google.com/open?id=1PaV_vr4Wlf8syzzOdzr8cBljIrm8vwuG' where player_id=79
update person set gender='Female', laptop_purchased_dt='6/1/2018', laptop_picture_url='https://drive.google.com/open?id=1rQWQ-IDhe0Ij55R2-vPxzZ6cqAourukg' where player_id=80
update person set gender='Male', laptop_purchased_dt='10/18/2015', laptop_picture_url='https://drive.google.com/open?id=1kjRFbVFQdHWv-ir9kf0Q8neTvQ8mQVhr' where player_id=81
update person set gender='Male', laptop_purchased_dt='10/15/2018', laptop_picture_url='https://drive.google.com/open?id=1zIxZmqXcAWCmX3IydAOYa2iiEU8p3PNI' where player_id=82
update person set gender='Female', laptop_purchased_dt='12/15/2017', laptop_picture_url='https://drive.google.com/open?id=15sT3I2QZqtrpxau23-jrZd6eSW3qvuTe' where player_id=83
update person set gender='Female', laptop_purchased_dt='8/15/2018', laptop_picture_url='https://drive.google.com/open?id=1SOYzOn1S8FEv9AZQYbLsvY9KVdQqXl0t' where player_id=84
update person set gender='Male', laptop_purchased_dt='8/24/2017', laptop_picture_url='https://drive.google.com/open?id=177j-_MPMppzUHYIRXb37SZig9jOwYrSV' where player_id=85
update person set gender='Female', laptop_purchased_dt='11/1/2015', laptop_picture_url='https://drive.google.com/open?id=1oybzmSqH9o-Ifl3u4wDFqm-h-8H-7UAg' where player_id=86
update person set gender='Male', laptop_purchased_dt='6/4/2016', laptop_picture_url='https://drive.google.com/open?id=1605MfdUbOQlu4Hv3367xVcWGt5_kzyEF' where player_id=87
update person set gender='Male', laptop_purchased_dt='7/8/2016', laptop_picture_url='https://drive.google.com/open?id=1QMEoXVyCEk3-mMIIt1uc_UPKke0NULOS' where player_id=88
update person set gender='Male', laptop_purchased_dt='2/14/2018', laptop_picture_url='https://drive.google.com/open?id=1a18koNrvriCh0emRGJ1N_Th9DyDkkBTt' where player_id=89
update person set gender='Male', laptop_purchased_dt='6/11/2015', laptop_picture_url='https://drive.google.com/open?id=1v1P3l4VuopNJqeoDi2EKhr9WGzvMZg5I' where player_id=90
update person set gender='Non-binary', laptop_purchased_dt='8/17/2017', laptop_picture_url='https://drive.google.com/open?id=194_mCRIwLNxxzrzcx-nEePDP2g073ze4' where player_id=91
update person set gender='Male', laptop_purchased_dt='6/20/2017', laptop_picture_url='https://drive.google.com/open?id=1BfJn5ZqKpbY_NrCuMZ7esiQBFqO2JI1O' where player_id=92
update person set gender='Male', laptop_purchased_dt='1/5/2017', laptop_picture_url='https://drive.google.com/open?id=1ZoeZsHyfDeiPM8srEOsvccXe90Jip6IO' where player_id=93
update person set gender='Male', laptop_purchased_dt='7/5/2018', laptop_picture_url='https://drive.google.com/open?id=1gM9jP_9hxh78xiNp-OTQPaN3NP8xbFFF' where player_id=94
update person set gender='Male', laptop_purchased_dt='9/19/2016', laptop_picture_url='https://drive.google.com/open?id=1JQ9WoScjdKIA3vPaEIVHTZP_qdlvqtEW' where player_id=95
update person set gender='Female', laptop_purchased_dt='12/20/2017', laptop_picture_url='https://drive.google.com/open?id=1zJvedrt5hw5yzdLLRhAEUZNFMEdd5HLz' where player_id=96
update person set gender='Female', laptop_purchased_dt='8/1/2015', laptop_picture_url='https://drive.google.com/open?id=1uI3aHPi8sPdCRmKY0R0i-oOXHRE_Z0gq' where player_id=97
update person set gender='Female', laptop_purchased_dt='7/1/2014', laptop_picture_url='https://drive.google.com/open?id=1ePycYzE0ETPxBLyhNpeetmQQHvSNduvi' where player_id=98
update person set gender='Male', laptop_purchased_dt='7/14/2018', laptop_picture_url='https://drive.google.com/open?id=1_GrSHGR_yy_JIoMY_6fS4pK2wxzl2YMD' where player_id=99
update person set gender='Male', laptop_purchased_dt='6/8/2017', laptop_picture_url='https://drive.google.com/open?id=16m0XJpH2Znz_fRO5xUekHlAkyNLxTHjg' where player_id=100
update person set gender='Male', laptop_purchased_dt='1/1/2015', laptop_picture_url='https://drive.google.com/open?id=1T4NoklvB6XcEKw76lLjH4pdoNQgIqHBU' where player_id=101
update person set gender='Male', laptop_purchased_dt='6/22/2017', laptop_picture_url='https://drive.google.com/open?id=1l8bUaFScaSkIoAj_W3FxIQ--Az6QyoCw' where player_id=102
update person set gender='Female', laptop_purchased_dt='8/1/2015', laptop_picture_url='https://drive.google.com/open?id=1wu2Vvymh9djmtWeHk_cc7q7SdFc6T17D' where player_id=103
update person set gender='Male', laptop_purchased_dt='8/1/2018', laptop_picture_url='https://drive.google.com/open?id=1XCFeTs4i_rekFw0wLfCt9RsWT6FYpnzd' where player_id=104
update person set gender='Male', laptop_purchased_dt='4/30/2018', laptop_picture_url='https://drive.google.com/open?id=1mMT_lEtXkLh3bdgdG0x8YUeI97VM-mLN' where player_id=105
